name,state,region,budget,climate,activity_type,best_season,vibe,rating,description,daily_cost_min,daily_cost_max,famous_for,crowd_level,language,best_food,entry_fee,stay_type,travel_mode,trek_difficulty,wildlife,unesco,honeymoon_suitable,family_suitable,solo_suitable,adventure_level,spiritual_level,photography_score,nearest_airport,nearest_railway,best_month,local_transport,avg_temp_summer,avg_temp_winter,internet_connectivity,medical_facilities,visa_required,currency_tips,off_season_discount,hidden_gem_score,instagram_worthy,night_life,shopping_rating,kid_friendly_score,pet_friendly,accessibility_score,hindi_name
Goa,Goa,West,low,tropical,beach,winter,party,4.5,Sun-soaked beaches and vibrant nightlife along the Arabian Sea coast,1500,4000,Beaches|Nightlife|Seafood,High,Konkani|English,Fish Curry Rice|Bebinca|Feni,Free,Beach Resort|Budget Hostel,Flight|Train|Bus,,Dolphins|Sea Turtles,No,Yes,Yes,Yes,High,Low,8,—,—,October,Auto|Bus|Car,30,18,Medium,Basic,No,Cash preferred,25%,6,8,Low,6,7,No,5,गोवा
Manali,Himachal Pradesh,North,low,cold,adventure,summer,adventure,4.6,Snow-capped peaks and thrilling mountain trails in the Himalayas,1200,3500,Snow|Trekking|Paragliding,High,Hindi|Pahari,Siddu|Trout Fish|Thukpa,Free,Hotel|Camp|Homestay,Bus|Car,Moderate,Snow Leopard|Musk Deer,No,Yes,Yes,Yes,High,Low,9,—,—,October,Auto|Bus|Car,30,18,Medium,Basic,No,Cash preferred,25%,6,8,Low,6,7,No,5,मनाली
Kerala Backwaters,Kerala,South,medium,tropical,nature,winter,romantic,4.8,Serene houseboat cruises through emerald green backwater canals,2500,6000,Houseboats|Ayurveda|Coconut Groves,Medium,Malayalam,Kerala Sadya|Appam|Karimeen,Free,Houseboat|Resort,Ferry|Car,,Kingfisher|Otters|Birds,No,Yes,Yes,Yes,Low,Medium,9,—,—,October,Auto|Bus|Car,30,18,Medium,Basic,No,Cash preferred,25%,6,8,Low,6,7,No,5,केरल बैकवाटर्स
Rajasthan - Jaipur,Rajasthan,North,medium,hot,cultural,winter,cultural,4.7,Majestic pink city with grand forts palaces and rich Rajput heritage,1800,5000,Forts|Palaces|Handicrafts,High,Hindi|Rajasthani,Dal Baati|Ghewar|Lassi,200,Heritage Hotel|Budget Hotel,Train|Flight|Bus,,Peacock|Nilgai,Yes,Yes,Yes,Yes,Low,Medium,9,—,—,October,Auto|Bus|Car,30,18,Medium,Basic,No,Cash preferred,25%,6,8,Low,6,7,No,5,राजस्थान - जयपुर
Varanasi,Uttar Pradesh,North,low,mild,cultural,winter,spiritual,4.6,Ancient holy city on the Ganges with ghats temples and mystical rituals,800,2500,Ghats|Temples|Spirituality,High,Hindi|Bhojpuri,Kachori|Lassi|Chaat,Free,Guesthouse|Budget Hotel,Train|Flight,,Gangetic Dolphin,No,No,Yes,Yes,Low,Very High,9,—,—,October,Auto|Bus|Car,30,18,Medium,Basic,No,Cash preferred,25%,6,8,Low,6,7,No,5,वाराणसी
Darjeeling,West Bengal,East,low,cold,nature,spring,nature,4.5,Rolling tea gardens misty hills and the iconic toy train ride,1000,3000,Tea Gardens|Toy Train|Himalayas,Medium,Bengali|Nepali,Momos|Thukpa|Darjeeling Tea,Free,Hotel|Homestay,Train|Car,Easy,Red Panda|Snow Leopard,Yes,Yes,Yes,Yes,Low,Low,9,—,—,October,Auto|Bus|Car,30,18,Medium,Basic,No,Cash preferred,25%,6,8,Low,6,7,No,5,दार्जिलिंग
Leh Ladakh,Jammu & Kashmir,North,medium,cold,adventure,summer,adventure,4.9,Stark moonlike landscapes high altitude passes and Buddhist monasteries,2000,6000,Monasteries|Bike Trips|Stargazing,Low,Ladakhi|Hindi,Thukpa|Skyu|Butter Tea,Free,Guesthouse|Camp,Flight|Road Trip,Challenging,Snow Leopard|Wild Ass,No,No,Yes,Yes,Very High,High,10,—,—,October,Auto|Bus|Car,30,18,Medium,Basic,No,Cash preferred,25%,6,8,Low,6,7,No,5,लेह लद्दाख
Andaman Islands,Andaman & Nicobar,Island,medium,tropical,beach,winter,romantic,4.8,Crystal clear waters pristine beaches and vibrant coral reefs,3000,8000,Scuba Diving|Beaches|Coral Reefs,Low,Hindi|Bengali,Seafood|Fish Curry|Coconut Water,500,Beach Resort|Budget Hotel,Flight,,Sea Turtle|Dugong,No,Yes,Yes,Yes,Medium,Low,10,—,—,October,Auto|Bus|Car,30,18,Medium,Basic,No,Cash preferred,25%,6,8,Low,6,7,No,5,अंडमान द्वीप
Mysuru,Karnataka,South,low,mild,cultural,winter,cultural,4.6,City of palaces sandalwood and the magnificent Mysore Palace illuminations,900,2500,Palace|Dasara Festival|Sandalwood,Medium,Kannada,Mysore Pak|Dose|Bisibelebath,100,Hotel|Budget Stay,Train|Bus,,Elephant,No,Yes,Yes,Yes,Low,Medium,8,—,—,October,Auto|Bus|Car,30,18,Medium,Basic,No,Cash preferred,25%,6,8,Low,6,7,No,5,मैसूरु
Rishikesh,Uttarakhand,North,low,mild,adventure,spring,nature,4.5,Yoga capital of the world with river rafting and Himalayan spirituality,700,2000,Yoga|Rafting|Bungee Jumping,High,Hindi,Thali|Chaat|Lassi,Free,Ashram|Budget Hotel,Train|Bus,Easy,Crocodile|Mahseer Fish,No,No,Yes,Yes,High,Very High,8,—,—,October,Auto|Bus|Car,30,18,Medium,Basic,No,Cash preferred,25%,6,8,Low,6,7,No,5,ऋषिकेश
Coorg,Karnataka,South,low,tropical,nature,monsoon,nature,4.5,Misty coffee plantations waterfalls and rich Kodava heritage,1200,3500,Coffee Plantations|Waterfalls|Wildlife,Medium,Kannada|Kodava,Pandi Curry|Kadambuttu|Akki Roti,Free,Homestay|Resort,Car,Easy,Elephant|Gaur|Leopard,No,Yes,Yes,Yes,Low,Low,8,—,—,October,Auto|Bus|Car,30,18,Medium,Basic,No,Cash preferred,25%,6,8,Low,6,7,No,5,कूर्ग
Hampi,Karnataka,South,low,hot,cultural,winter,cultural,4.7,Surreal boulder-strewn ruins of the magnificent Vijayanagara Empire,600,1800,Ruins|Bouldering|History,Low,Kannada|Telugu,Thali|Banana Chips,40,Guesthouse|Budget Hotel,Bus|Bike,Easy,Monitor Lizard,Yes,Yes,Yes,Yes,Low,Medium,10,—,—,October,Auto|Bus|Car,30,18,Medium,Basic,No,Cash preferred,25%,6,8,Low,6,7,No,5,हम्पी
Udaipur,Rajasthan,North,medium,hot,cultural,winter,romantic,4.8,City of lakes with fairy-tale palaces and stunning Aravalli sunsets,1500,5000,Lakes|Palaces|Boat Rides,High,Hindi|Rajasthani,Dal Baati|Malpua|Rabdi,200,Heritage Hotel|Houseboat,Train|Bus|Flight,,Crocodile|Migratory Birds,No,Yes,Yes,Yes,Low,Low,9,—,—,October,Auto|Bus|Car,30,18,Medium,Basic,No,Cash preferred,25%,6,8,Low,6,7,No,5,उदयपुर
Munnar,Kerala,South,low,mild,nature,winter,nature,4.6,Endless tea estates misty valleys and exotic wildlife in the Western Ghats,1200,3500,Tea Estates|Wildlife|Trekking,Medium,Malayalam,Kerala Meals|Porotta|Beef Fry,Free,Resort|Homestay,Car|Bus,Easy,Nilgiri Tahr|Sambar,No,Yes,Yes,Yes,Low,Low,9,—,—,October,Auto|Bus|Car,30,18,Medium,Basic,No,Cash preferred,25%,6,8,Low,6,7,No,5,मुन्नार
Spiti Valley,Himachal Pradesh,North,medium,cold,adventure,summer,adventure,4.8,Remote high-altitude desert valley with ancient monasteries and stark beauty,1500,4000,Monasteries|Stargazing|Off-road,Low,Hindi|Spitian,Thukpa|Tsampa|Butter Tea,Free,Homestay|Camp,Car|Bike,Challenging,Snow Leopard|Ibex,No,No,Yes,Yes,Very High,High,10,—,—,October,Auto|Bus|Car,30,18,Medium,Basic,No,Cash preferred,25%,6,8,Low,6,7,No,5,स्पीति घाटी
Ooty,Tamil Nadu,South,low,mild,nature,spring,nature,4.4,Queen of hill stations with botanical gardens and Nilgiri toy train,900,2500,Botanical Garden|Toy Train|Tea,High,Tamil|Kannada,Nilgiri Tea|Ooty Chocolate|Varkey,50,Hotel|Resort,Train|Car,Easy,Gaur|Sambar|Nilgiri Marten,No,Yes,Yes,Yes,Low,Low,7,—,—,October,Auto|Bus|Car,30,18,Medium,Basic,No,Cash preferred,25%,6,8,Low,6,7,No,5,ऊटी
Amritsar,Punjab,North,low,mild,cultural,winter,spiritual,4.7,Golden Temple the holiest Sikh shrine surrounded by sacred Amrit Sarovar,700,2000,Golden Temple|Langar|Wagah Border,High,Punjabi|Hindi,Amritsari Kulcha|Lassi|Pinni,Free,Hotel|Budget Stay,Train|Flight,,—,No,Yes,Yes,Yes,Low,Very High,9,—,—,October,Auto|Bus|Car,30,18,Medium,Basic,No,Cash preferred,25%,6,8,Low,6,7,No,5,अमृतसर
Ranthambore,Rajasthan,North,medium,hot,nature,winter,nature,4.6,Prime tiger territory in a dramatic landscape of ruined forts and lakes,2500,7000,Tiger Safari|Fort|Wildlife,Medium,Hindi|Rajasthani,Dal Baati|Thali,Free,Resort|Jungle Lodge,Train|Car,,Bengal Tiger|Crocodile|Leopard,No,Yes,Yes,Yes,Medium,Low,9,—,—,October,Auto|Bus|Car,30,18,Medium,Basic,No,Cash preferred,25%,6,8,Low,6,7,No,5,रणथंभौर
Pondicherry,Tamil Nadu,South,low,tropical,cultural,winter,romantic,4.5,French colonial charm yoga retreats and serene beaches on the Bay of Bengal,900,2800,French Quarter|Beaches|Yoga,Medium,Tamil|French|Telugu,Crepes|Baguette|Seafood,Free,Boutique Hotel|Ashram,Train|Bus,,Sea Turtle,No,Yes,Yes,Yes,Low,Medium,8,—,—,October,Auto|Bus|Car,30,18,Medium,Basic,No,Cash preferred,25%,6,8,Low,6,7,No,5,पुडुचेरी
Agra,Uttar Pradesh,North,medium,hot,cultural,winter,cultural,4.7,Home to the eternal Taj Mahal and other magnificent Mughal masterpieces,1200,4000,Taj Mahal|Mughal History|Petha,High,Hindi|Urdu,Petha|Mughlai|Kebabs,250,Hotel|Budget Stay,Train|Flight,,—,Yes,Yes,Yes,Yes,Low,Medium,10,—,—,October,Auto|Bus|Car,30,18,Medium,Basic,No,Cash preferred,25%,6,8,Low,6,7,No,5,आगरा
Shimla,Himachal Pradesh,North,low,cold,nature,summer,nature,4.5,Colonial hill station with pine forests scenic ridge and heritage architecture,1000,3000,Mall Road|Snow|Colonial Charm,High,Hindi|Pahari,Siddu|Chha Gosht|Mittha,Free,Hotel|Guesthouse,Train|Car,Easy,Barking Deer|Himalayan Bear,No,Yes,Yes,Yes,Low,Low,7,—,—,October,Auto|Bus|Car,30,18,Medium,Basic,No,Cash preferred,25%,6,8,Low,6,7,No,5,शिमला
Jodhpur,Rajasthan,North,medium,hot,cultural,winter,cultural,4.6,Blue city dominated by the mighty Mehrangarh Fort and vibrant bazaars,1200,3500,Blue City|Mehrangarh Fort|Spices,Medium,Hindi|Rajasthani,Mirchi Bada|Dal Baati|Makhania Lassi,100,Heritage Hotel|Budget Hotel,Train|Bus,,Nilgai|Peacock,No,Yes,Yes,Yes,Low,Low,9,—,—,October,Auto|Bus|Car,30,18,Medium,Basic,No,Cash preferred,25%,6,8,Low,6,7,No,5,जोधपुर
Alleppey,Kerala,South,low,tropical,nature,winter,romantic,4.7,Venice of the East with idyllic houseboat stays and coconut-fringed backwaters,1500,5000,Houseboats|Backwaters|Coir,Medium,Malayalam,Kerala Sadya|Karimeen|Puttu,Free,Houseboat|Resort,Ferry|Car,,Kingfisher|Otter,No,Yes,Yes,Yes,Low,Low,9,—,—,October,Auto|Bus|Car,30,18,Medium,Basic,No,Cash preferred,25%,6,8,Low,6,7,No,5,अलप्पुझा
Kaziranga,Assam,Northeast,medium,tropical,nature,winter,nature,4.7,UNESCO World Heritage home to two-thirds of the worlds one-horned rhinoceroses,2000,5000,Rhinos|Elephant Safari|Biodiversity,Low,Assamese,Khar|Masor Tenga|Pitha,500,Jungle Lodge|Resort,Flight|Car,,One-Horned Rhino|Royal Bengal Tiger|Elephant,Yes,Yes,Yes,Yes,Medium,Low,9,—,—,October,Auto|Bus|Car,30,18,Medium,Basic,No,Cash preferred,25%,6,8,Low,6,7,No,5,काजीरंगा
Khajuraho,Madhya Pradesh,Central,medium,mild,cultural,winter,cultural,4.6,UNESCO temples with exquisite sculptures and medieval architectural genius,1000,3000,Temples|Sculpture|History,Low,Hindi,Poha|Dal Bafla|Thali,500,Hotel|Guesthouse,Train|Car,,—,Yes,Yes,Yes,Yes,Low,Medium,9,—,—,October,Auto|Bus|Car,30,18,Medium,Basic,No,Cash preferred,25%,6,8,Low,6,7,No,5,खजुराहो
Mahabalipuram,Tamil Nadu,South,low,tropical,cultural,winter,cultural,4.5,Ancient Shore Temple and intricate rock-cut sculptures by the Bay of Bengal,700,2000,Shore Temple|Rock Sculptures|Beach,Medium,Tamil,Idli|Dosa|Chettinad Curry,50,Hotel|Beach Resort,Car|Bus,,Olive Ridley Turtle,Yes,Yes,Yes,Yes,Low,Medium,9,—,—,October,Auto|Bus|Car,30,18,Medium,Basic,No,Cash preferred,25%,6,8,Low,6,7,No,5,महाबलीपुरम
Ziro Valley,Arunachal Pradesh,Northeast,low,mild,nature,spring,nature,4.7,UNESCO tentative site with Apatani tribe culture and lush paddy fields,800,2200,Tribal Culture|Paddy Fields|Music Festival,Low,Apatani|Hindi,Apong|Pika Pila|Bamboo Shoot,Free,Homestay|Guesthouse,Flight|Car,Easy,Hornbill|Clouded Leopard,No,No,Yes,Yes,Low,Medium,10,—,—,October,Auto|Bus|Car,30,18,Medium,Basic,No,Cash preferred,25%,6,8,Low,6,7,No,5,ज़ीरो घाटी
Mount Abu,Rajasthan,North,low,mild,nature,summer,nature,4.4,Rajasthans only hill station with Dilwara Jain temples and serene Nakki Lake,900,2500,Jain Temples|Nakki Lake|Sunset Point,Medium,Hindi|Rajasthani,Dal Baati|Kachori,100,Hotel|Resort,Bus|Car,Easy,Sloth Bear|Sambhar,No,Yes,Yes,Yes,Low,High,7,—,—,October,Auto|Bus|Car,30,18,Medium,Basic,No,Cash preferred,25%,6,8,Low,6,7,No,5,माउंट आबू
Puri,Odisha,East,low,tropical,beach,winter,spiritual,4.5,Sacred Jagannath temple town with golden beach and Rath Yatra celebrations,700,2000,Jagannath Temple|Beach|Rath Yatra,High,Odia,Dalma|Rasgulla|Chhena Poda,Free,Hotel|Guesthouse,Train|Bus,,Olive Ridley Turtle,No,Yes,Yes,Yes,Low,Very High,8,—,—,October,Auto|Bus|Car,30,18,Medium,Basic,No,Cash preferred,25%,6,8,Low,6,7,No,5,पुरी
Pachmarhi,Madhya Pradesh,Central,low,mild,nature,summer,nature,4.4,Queen of Satpura with ancient caves waterfalls and dense forest trails,800,2200,Waterfalls|Caves|Forest Trails,Low,Hindi,Poha|Jalebi|Sabudana Khichdi,100,Hotel|Forest Lodge,Car|Bus,Easy,Tiger|Leopard|Gaur,No,Yes,Yes,Yes,Medium,Low,8,—,—,October,Auto|Bus|Car,30,18,Medium,Basic,No,Cash preferred,25%,6,8,Low,6,7,No,5,पचमढ़ी
Tawang,Arunachal Pradesh,Northeast,low,cold,cultural,summer,spiritual,4.8,Largest monastery in India perched above clouds at 10000 feet altitude,1000,3000,Monastery|Clouds|Buddhist Culture,Low,Monpa|Hindi,Thukpa|Momos|Apong,Free,Guesthouse|Hotel,Flight|Car,Moderate,Red Panda|Snow Leopard,No,No,Yes,Yes,Medium,Very High,10,—,—,October,Auto|Bus|Car,30,18,Medium,Basic,No,Cash preferred,25%,6,8,Low,6,7,No,5,तवांग
Varkala,Kerala,South,low,tropical,beach,winter,romantic,4.5,Dramatic cliffside beach with mineral springs yoga shacks and Arabian sunset,800,2500,Cliff Beach|Mineral Springs|Yoga,Medium,Malayalam,Seafood|Kerala Thali|Toddy,Free,Guesthouse|Beach Hut,Train|Bus,,Sea Turtle,No,Yes,Yes,Yes,Low,Low,8,—,—,October,Auto|Bus|Car,30,18,Medium,Basic,No,Cash preferred,25%,6,8,Low,6,7,No,5,वर्कला
Chopta,Uttarakhand,North,low,cold,adventure,summer,nature,4.6,Mini Switzerland of India with Tungnath highest Shiva temple and Chandrashila,700,2000,Trekking|Tungnath Temple|Meadows,Low,Hindi,Thali|Maggi|Local Veg,Free,Camp|Guesthouse,Car|Trek,Moderate,Musk Deer|Snow Leopard,No,No,Yes,Yes,High,High,9,—,—,October,Auto|Bus|Car,30,18,Medium,Basic,No,Cash preferred,25%,6,8,Low,6,7,No,5,चोपता
Pushkar,Rajasthan,North,low,hot,cultural,winter,spiritual,4.5,Holy lake city with the only Brahma temple in India and famous camel fair,700,2000,Brahma Temple|Camel Fair|Holy Lake,Medium,Hindi|Rajasthani,Dal Baati|Malpua|Lassi,Free,Budget Hotel|Guesthouse,Bus|Car,,Camel|Nilgai,No,No,Yes,Yes,Low,Very High,8,—,—,October,Auto|Bus|Car,30,18,Medium,Basic,No,Cash preferred,25%,6,8,Low,6,7,No,5,पुष्कर
Kovalam,Kerala,South,low,tropical,beach,winter,romantic,4.4,Crescent-shaped lighthouse beach with Ayurvedic resorts and calm waters,900,3000,Lighthouse|Ayurveda|Beach,Medium,Malayalam,Seafood|Kerala Meals,Free,Beach Resort|Guesthouse,Bus|Car,,Sea Turtle,No,Yes,Yes,Yes,Low,Low,7,—,—,October,Auto|Bus|Car,30,18,Medium,Basic,No,Cash preferred,25%,6,8,Low,6,7,No,5,कोवलम
Bikaner,Rajasthan,North,low,hot,cultural,winter,cultural,4.4,Camel country with magnificent Junagarh Fort and famous Rajasthani sweets,700,2000,Junagarh Fort|Camel Breeding|Bikaneri Bhujia,Low,Hindi|Rajasthani,Bikaneri Bhujia|Rasgulla|Dal Baati,100,Heritage Hotel|Budget Hotel,Train|Bus,,Camel|Desert Fox,No,Yes,Yes,Yes,Low,Low,7,—,—,October,Auto|Bus|Car,30,18,Medium,Basic,No,Cash preferred,25%,6,8,Low,6,7,No,5,बीकानेर
Mawsynram,Meghalaya,Northeast,low,tropical,nature,monsoon,nature,4.6,Wettest place on earth with living root bridges and breathtaking waterfalls,800,2200,Root Bridges|Waterfalls|Caves,Low,Khasi|Hindi,Jadoh|Tungrymbai|Dohneiiong,Free,Guesthouse|Homestay,Car,Moderate,Cloud Leopard|Hornbill,No,No,Yes,Yes,Low,Low,9,—,—,October,Auto|Bus|Car,30,18,Medium,Basic,No,Cash preferred,25%,6,8,Low,6,7,No,5,मावसिनराम
Gandikota,Andhra Pradesh,South,low,hot,adventure,winter,nature,4.6,Indias hidden Grand Canyon with the Penna River and ancient Gandikota Fort,500,1500,Grand Canyon|Fort|River,Low,Telugu,Gongura Mutton|Pesarattu|Avakaya,Free,Camp|Budget Hotel,Car|Bus,Easy,Crocodile|Eagle,No,No,Yes,Yes,Medium,Low,9,—,—,October,Auto|Bus|Car,30,18,Medium,Basic,No,Cash preferred,25%,6,8,Low,6,7,No,5,गंडिकोटा
Lansdowne,Uttarakhand,North,low,cold,nature,spring,nature,4.4,Quiet cantonment hill station with oak forests and colonial-era charm,700,2000,Oak Forests|Peace|Colonial,Low,Hindi,Thali|Maggi|Local Food,Free,Hotel|Guesthouse,Car,Easy,Barking Deer|Langur,No,Yes,Yes,Yes,Low,Low,7,—,—,October,Auto|Bus|Car,30,18,Medium,Basic,No,Cash preferred,25%,6,8,Low,6,7,No,5,लैंसडाउन
Mcleod Ganj,Himachal Pradesh,North,low,mild,cultural,spring,spiritual,4.6,Home of the Dalai Lama with Tibetan culture monasteries and Himalayan treks,800,2500,Dalai Lama|Tibetan Culture|Trekking,Medium,Tibetan|Hindi,Momos|Thukpa|Butter Tea,Free,Guesthouse|Budget Hotel,Bus|Car,Easy,Himalayan Monal|Snow Pigeon,No,No,Yes,Yes,Medium,Very High,8,—,—,October,Auto|Bus|Car,30,18,Medium,Basic,No,Cash preferred,25%,6,8,Low,6,7,No,5,मैक्लोड गंज
Majuli,Assam,Northeast,low,tropical,cultural,winter,cultural,4.5,Worlds largest river island with Vaishnavite monasteries and tribal dance,700,2000,River Island|Vaishnavite Culture|Dance,Low,Assamese|Mising,Khar|Pitha|Rice Beer,Free,Guesthouse|Homestay,Ferry,,River Dolphin|Birds,No,No,Yes,Yes,Low,High,8,—,—,October,Auto|Bus|Car,30,18,Medium,Basic,No,Cash preferred,25%,6,8,Low,6,7,No,5,माजुली
Mahabaleshwar,Maharashtra,West,low,mild,nature,summer,nature,4.4,Lush strawberry farms panoramic viewpoints and serene Venna Lake,1000,3000,Strawberries|Viewpoints|Boating,High,Marathi,Strawberry Cream|Vada Pav|Bhel,100,Hotel|Resort,Car|Bus,Easy,Barking Deer|Langur,No,Yes,Yes,Yes,Low,Low,7,—,—,October,Auto|Bus|Car,30,18,Medium,Basic,No,Cash preferred,25%,6,8,Low,6,7,No,5,महाबलेश्वर
Lonavala,Maharashtra,West,low,mild,nature,monsoon,nature,4.3,Popular hill escape with misty valleys Bhushi Dam and Khandala viewpoints,800,2500,Waterfalls|Chikki|Bhushi Dam,High,Marathi,Chikki|Vada Pav|Corn,Free,Hotel|Resort,Train|Car,Easy,Leopard|Barking Deer,No,Yes,Yes,Yes,Low,Low,6,—,—,October,Auto|Bus|Car,30,18,Medium,Basic,No,Cash preferred,25%,6,8,Low,6,7,No,5,लोनावला
Jaisalmer,Rajasthan,North,medium,hot,adventure,winter,adventure,4.7,Golden city rising from Thar Desert with camel safaris and Sam sand dunes,1200,4000,Sand Dunes|Camel Safari|Desert Fort,Medium,Hindi|Rajasthani,Ker Sangri|Dal Baati|Ghewar,250,Heritage Hotel|Desert Camp,Train|Car,,Desert Fox|Chinkara|Burrowing Owl,No,Yes,Yes,Yes,Medium,Low,9,—,—,October,Auto|Bus|Car,30,18,Medium,Basic,No,Cash preferred,25%,6,8,Low,6,7,No,5,जैसलमेर
Chikmagalur,Karnataka,South,low,mild,nature,monsoon,nature,4.5,Coffee capital with Mullayanagiri peak Baba Budangiri hills and misty forests,900,2800,Coffee|Trekking|Waterfalls,Low,Kannada,Bisi Bele Bath|Filter Coffee|Akki Roti,Free,Homestay|Resort,Car,Moderate,Elephant|Gaur|Leopard,No,Yes,Yes,Yes,Medium,Low,8,—,—,October,Auto|Bus|Car,30,18,Medium,Basic,No,Cash preferred,25%,6,8,Low,6,7,No,5,चिकमगलूर
Ellora,Maharashtra,West,low,mild,cultural,winter,cultural,4.7,UNESCO rock-cut cave temples spanning Hindu Buddhist and Jain faiths,700,2000,Cave Temples|UNESCO|Rock Art,Low,Marathi|Hindi,Pithla Bhakri|Vada Pav|Zunka,40,Hotel|Guesthouse,Car|Bus,,—,Yes,Yes,Yes,Yes,Low,High,10,—,—,October,Auto|Bus|Car,30,18,Medium,Basic,No,Cash preferred,25%,6,8,Low,6,7,No,5,एलोरा
Kumarakom,Kerala,South,medium,tropical,nature,winter,romantic,4.6,Lakeside village on Vembanad Lake with birds butterfly gardens and luxury resorts,2000,7000,Bird Sanctuary|Backwaters|Luxury,Low,Malayalam,Kerala Sadya|Seafood|Karimeen,Free,Luxury Resort|Houseboat,Car|Ferry,,Siberian Crane|Kingfisher|Darter,No,Yes,Yes,Yes,Low,Low,8,—,—,October,Auto|Bus|Car,30,18,Medium,Basic,No,Cash preferred,25%,6,8,Low,6,7,No,5,कुमारकोम
Cherrapunji,Meghalaya,Northeast,low,tropical,nature,monsoon,nature,4.6,Land of clouds and rain with stunning viewpoints and living root bridges,800,2200,Root Bridges|Waterfalls|Clouds,Low,Khasi|Hindi,Jadoh|Dohneiiong|Rice Beer,Free,Guesthouse|Homestay,Car,Moderate,Clouded Leopard|Hornbill,No,No,Yes,Yes,Low,Low,9,—,—,October,Auto|Bus|Car,30,18,Medium,Basic,No,Cash preferred,25%,6,8,Low,6,7,No,5,चेरापूंजी
Orchha,Madhya Pradesh,Central,low,mild,cultural,winter,cultural,4.5,Medieval town frozen in time with magnificent cenotaphs palaces and temples,600,1800,Cenotaphs|Palaces|River Ghats,Low,Hindi,Dal Baati|Thali|Sabudana Khichdi,Free,Heritage Hotel|Budget Hotel,Train|Car,,Vulture|Crocodile,No,Yes,Yes,Yes,Low,Medium,8,—,—,October,Auto|Bus|Car,30,18,Medium,Basic,No,Cash preferred,25%,6,8,Low,6,7,No,5,ओरछा
Auroville,Tamil Nadu,South,low,tropical,cultural,winter,spiritual,4.4,Experimental universal township centered around Matrimandir and sustainability,700,2000,Matrimandir|Sustainability|Meditation,Low,Tamil|French|English,Organic Food|French Bakery|Salad,Free,Ashram|Guesthouse,Car|Bike,,—,No,No,Yes,Yes,Low,High,7,—,—,October,Auto|Bus|Car,30,18,Medium,Basic,No,Cash preferred,25%,6,8,Low,6,7,No,5,ऑरोविल
Nainital,Uttarakhand,North,low,mild,nature,summer,nature,4.5,Emerald lake town in the Kumaon Himalayas with boating and snow views,1000,3000,Naini Lake|Boating|Snow,High,Hindi|Kumaoni,Bal Mithai|Singori|Thali,Free,Hotel|Guesthouse,Bus|Car,Easy,Himalayan Bear|Leopard,No,Yes,Yes,Yes,Low,Low,8,—,—,October,Auto|Bus|Car,30,18,Medium,Basic,No,Cash preferred,25%,6,8,Low,6,7,No,5,नैनीताल
Dhanushkodi,Tamil Nadu,South,low,tropical,nature,winter,nature,4.5,Hauntingly beautiful ghost town at Indias southern tip where two seas meet,500,1500,Ghost Town|Rameswaram|Two Seas,Low,Tamil,Seafood|Idli|Dosa,Free,Budget Hotel,Car|Bus,Easy,Dolphin|Sea Turtle,No,No,Yes,Yes,Low,Medium,9,—,—,October,Auto|Bus|Car,30,18,Medium,Basic,No,Cash preferred,25%,6,8,Low,6,7,No,5,धनुषकोडी
Sandakphu,West Bengal,East,low,cold,adventure,spring,adventure,4.7,Highest peak in West Bengal with the iconic Sleeping Buddha Himalayan view,900,2500,Sleeping Buddha View|Trekking|Rhododendrons,Low,Bengali|Nepali,Momos|Thukpa|Noodles,Free,Trek Hut|Camp,Trek Only,Very Challenging,Red Panda|Snow Leopard,No,No,Yes,Yes,Very High,Low,10,—,—,October,Auto|Bus|Car,30,18,Medium,Basic,No,Cash preferred,25%,6,8,Low,6,7,No,5,संदकफू
Munsiyari,Uttarakhand,North,low,cold,nature,summer,nature,4.6,Little Kashmir with Panchachuli peaks tribal culture and pristine meadows,800,2200,Panchachuli Peaks|Meadows|Tribal Culture,Low,Hindi|Kumaoni,Thali|Bal Mithai|Aloo Ke Gutke,Free,Guesthouse|Homestay,Car,Moderate,Musk Deer|Snow Leopard,No,No,Yes,Yes,Medium,Low,9,—,—,October,Auto|Bus|Car,30,18,Medium,Basic,No,Cash preferred,25%,6,8,Low,6,7,No,5,मुनस्यारी
Tarkarli,Maharashtra,West,low,tropical,beach,winter,nature,4.5,Maharashtras hidden gem with crystal clear waters and Sindhudurg Fort,800,2500,Scuba Diving|Sindhudurg Fort|Clear Waters,Low,Marathi|Konkani,Malvani Fish Curry|Solkadhi|Kokam,200,Beach Hut|Budget Hotel,Bus|Car,,Dolphin|Sea Turtle,No,Yes,Yes,Yes,Medium,Low,8,—,—,October,Auto|Bus|Car,30,18,Medium,Basic,No,Cash preferred,25%,6,8,Low,6,7,No,5,तारकरली
Jawai,Rajasthan,North,medium,hot,nature,winter,nature,4.6,Leopard capital of India with dramatic granite landscapes and tribal culture,2000,6000,Leopard Safari|Granite Hills|Tribal Culture,Low,Hindi|Rajasthani,Dal Baati|Thali,Free,Luxury Camp|Jungle Lodge,Car,,Leopard|Crocodile|Wolf,No,Yes,Yes,Yes,Medium,Low,9,—,—,October,Auto|Bus|Car,30,18,Medium,Basic,No,Cash preferred,25%,6,8,Low,6,7,No,5,जवाई
Bhedaghat,Madhya Pradesh,Central,low,mild,nature,winter,nature,4.5,Spectacular marble rocks along Narmada river with Dhuandhar waterfall,600,1800,Marble Rocks|Dhuandhar Falls|Boat Ride,Low,Hindi,Dal Baati|Poha|Thali,100,Hotel|Guesthouse,Car|Bus,,Gharial|Crocodile,No,Yes,Yes,Yes,Low,Medium,8,—,—,October,Auto|Bus|Car,30,18,Medium,Basic,No,Cash preferred,25%,6,8,Low,6,7,No,5,भेड़ाघाट
Chettinad,Tamil Nadu,South,low,hot,cultural,winter,cultural,4.5,Magnificent mansions and the birthplace of iconic Chettinad cuisine,700,2000,Chettinad Cuisine|Mansions|Antiques,Low,Tamil,Chettinad Chicken|Kuzhi Paniyaram|Kavuni Arisi,Free,Heritage Mansion|Hotel,Car|Bus,,—,No,Yes,Yes,Yes,Low,Medium,8,—,—,October,Auto|Bus|Car,30,18,Medium,Basic,No,Cash preferred,25%,6,8,Low,6,7,No,5,चेट्टिनाड
Pelling,Sikkim,Northeast,low,mild,nature,spring,nature,4.6,Breathtaking views of Kanchenjunga with monasteries and hidden waterfalls,900,2800,Kanchenjunga View|Monasteries|Waterfalls,Low,Nepali|Sikkimese,Momos|Thukpa|Gundruk,Free,Hotel|Homestay,Car,Easy,Red Panda|Snow Leopard,No,Yes,Yes,Yes,Medium,High,9,—,—,October,Auto|Bus|Car,30,18,Medium,Basic,No,Cash preferred,25%,6,8,Low,6,7,No,5,पेलिंग
Gurez Valley,Jammu & Kashmir,North,low,cold,adventure,summer,nature,4.7,Remote pristine valley untouched by tourism with Dard tribe settlements,1000,3000,Pristine Valley|Dard Tribe|River,Low,Kashmiri|Shina,Wazwan|Rogan Josh|Kahwa,Free,Homestay|Camp,Car,Moderate,Brown Bear|Snow Leopard,No,No,Yes,Yes,Medium,Medium,10,—,—,October,Auto|Bus|Car,30,18,Medium,Basic,No,Cash preferred,25%,6,8,Low,6,7,No,5,गुरेज़ घाटी
Dzukou Valley,Nagaland,Northeast,low,mild,adventure,spring,nature,4.8,Valley of flowers of the Northeast with rare seasonal blooms and peaks,800,2200,Valley of Flowers|Trekking|Rare Flora,Low,Naga|Hindi,Smoked Pork|Axone|Rice Beer,Free,Trek Hut|Camp,Trek Only,Challenging,Hornbill|Hoolock Gibbon,No,No,Yes,Yes,High,Low,10,—,—,October,Auto|Bus|Car,30,18,Medium,Basic,No,Cash preferred,25%,6,8,Low,6,7,No,5,ज़ुकू घाटी
Shillong,Meghalaya,Northeast,low,mild,nature,spring,nature,4.5,Scotland of the East with rolling hills waterfalls and vibrant music culture,900,2500,Waterfalls|Music|Living Root Bridges,Medium,Khasi|Hindi|Bengali,Jadoh|Pukhlein|Rice Beer,Free,Hotel|Guesthouse,Flight|Car,Easy,Clouded Leopard|Hornbill,No,Yes,Yes,Yes,Low,Low,8,—,—,October,Auto|Bus|Car,30,18,Medium,Basic,No,Cash preferred,25%,6,8,Low,6,7,No,5,शिलांग
Mathura Vrindavan,Uttar Pradesh,North,low,mild,cultural,spring,spiritual,4.6,Birthplace of Lord Krishna with colorful Holi celebrations and ancient temples,600,1800,Krishna Temples|Holi Festival|Yamuna Ghats,High,Hindi|Brajbhasha,Peda|Kachori|Mathura Ke Pede,Free,Budget Hotel|Dharamsala,Train|Bus,,Monkey|Peacock,No,Yes,Yes,Yes,Low,Very High,9,—,—,October,Auto|Bus|Car,30,18,Medium,Basic,No,Cash preferred,25%,6,8,Low,6,7,No,5,मथुरा वृंदावन
Konark,Odisha,East,low,mild,cultural,winter,cultural,4.6,UNESCO Sun Temple masterpiece of ancient Kalinga architecture,600,1800,Sun Temple|UNESCO|Beach,Low,Odia,Dalma|Chhena Poda|Mahaprasad,40,Hotel|Guesthouse,Train|Car,,Olive Ridley Turtle,Yes,Yes,Yes,Yes,Low,High,10,—,—,October,Auto|Bus|Car,30,18,Medium,Basic,No,Cash preferred,25%,6,8,Low,6,7,No,5,कोणार्क
Binsar,Uttarakhand,North,low,cold,nature,spring,nature,4.5,Panoramic Himalayan views from a tranquil wildlife sanctuary,900,2800,Himalayan Panorama|Wildlife|Peace,Low,Hindi|Kumaoni,Thali|Bal Mithai|Local Food,Free,Forest Hut|Guesthouse,Car,Easy,Himalayan Bear|Leopard|Barking Deer,No,Yes,Yes,Yes,Low,Low,8,—,—,October,Auto|Bus|Car,30,18,Medium,Basic,No,Cash preferred,25%,6,8,Low,6,7,No,5,बिनसर
Amer,Rajasthan,North,medium,hot,cultural,winter,cultural,4.7,Magnificent hilltop Amer Fort overlooking Maota Lake near Jaipur,1500,4500,Amer Fort|Elephant Ride|Sheesh Mahal,High,Hindi|Rajasthani,Dal Baati|Pyaaz Kachori,200,Heritage Hotel|Budget Hotel,Car|Bus,,Elephant|Peacock,Yes,Yes,Yes,Yes,Low,Medium,9,—,—,October,Auto|Bus|Car,30,18,Medium,Basic,No,Cash preferred,25%,6,8,Low,6,7,No,5,आमेर
Murudeshwar,Karnataka,South,low,tropical,cultural,winter,spiritual,4.5,Towering Shiva statue by the Arabian Sea with world-class temple complex,700,2000,Shiva Statue|Sea Temple|Scuba Diving,Medium,Kannada,Seafood|Neer Dosa|Fish Curry,Free,Hotel|Beach Resort,Train|Car,,Dolphin|Sea Turtle,No,Yes,Yes,Yes,Low,High,8,—,—,October,Auto|Bus|Car,30,18,Medium,Basic,No,Cash preferred,25%,6,8,Low,6,7,No,5,मुरुदेश्वर
Badami,Karnataka,South,low,hot,cultural,winter,cultural,4.6,Cave temples carved into red sandstone cliffs above a scenic lake,600,1800,Cave Temples|Red Sandstone|History,Low,Kannada,Jowar Roti|Enne Badnekai|Thali,15,Hotel|Guesthouse,Car|Bus,Easy,Eagle|Vulture,Yes,Yes,Yes,Yes,Low,Medium,9,—,—,October,Auto|Bus|Car,30,18,Medium,Basic,No,Cash preferred,25%,6,8,Low,6,7,No,5,बादामी
Lakshadweep,Lakshadweep,Island,high,tropical,beach,winter,romantic,4.9,Pristine coral atolls with lagoons untouched marine life and white sand,5000,15000,Coral Reefs|Lagoons|Water Sports,Low,Malayalam|Hindi,Seafood|Coconut Rice|Tuna,Free,Beach Resort|Luxury Cottage,Flight,,Sea Turtle|Dolphin|Manta Ray,No,Yes,Yes,Yes,Medium,Low,10,—,—,October,Auto|Bus|Car,30,18,Medium,Basic,No,Cash preferred,25%,6,8,Low,6,7,No,5,लक्षद्वीप
Kanha,Madhya Pradesh,Central,medium,mild,nature,winter,nature,4.7,Inspiration for Jungle Book with tiger sightings and barasingha deer,2500,7000,Tiger Safari|Barasingha|Jungle Book,Low,Hindi,Dal Baati|Thali|Poha,Free,Jungle Lodge|Resort,Flight|Car,,Bengal Tiger|Barasingha|Wild Dog,No,Yes,Yes,Yes,Medium,Low,9,—,—,October,Auto|Bus|Car,30,18,Medium,Basic,No,Cash preferred,25%,6,8,Low,6,7,No,5,कान्हा
Bandhavgarh,Madhya Pradesh,Central,medium,hot,nature,winter,nature,4.7,Highest tiger density in India with ancient cave paintings and fort ruins,2500,7000,Tiger Safari|Ancient Fort|Wildlife,Low,Hindi,Dal Baati|Thali|Poha,Free,Jungle Lodge|Resort,Train|Car,,Bengal Tiger|Leopard|Sloth Bear,No,Yes,Yes,Yes,Medium,Low,9,—,—,October,Auto|Bus|Car,30,18,Medium,Basic,No,Cash preferred,25%,6,8,Low,6,7,No,5,बांधवगढ़
Kutch,Gujarat,West,medium,hot,cultural,winter,cultural,4.7,Great Rann white salt desert and vibrant Kutchi tribal handicrafts,1500,4000,Rann of Kutch|White Desert|Handicrafts,Medium,Gujarati|Kutchi,Dabeli|Thepla|Kutchi Khichdi,Free,Tent City|Hotel,Flight|Car,,Wild Ass|Flamingo|Chinkara,No,Yes,Yes,Yes,Low,Low,9,—,—,October,Auto|Bus|Car,30,18,Medium,Basic,No,Cash preferred,25%,6,8,Low,6,7,No,5,कच्छ
Diu,Daman & Diu,West,low,tropical,beach,winter,romantic,4.4,Portuguese colonial heritage pristine beaches and peaceful island vibes,900,2500,Portuguese Fort|Beaches|Quiet Escape,Low,Hindi|Gujarati,Seafood|Sanna|Bebinca,Free,Beach Resort|Guesthouse,Flight|Bus,,Dolphin,No,Yes,Yes,Yes,Low,Low,7,—,—,October,Auto|Bus|Car,30,18,Medium,Basic,No,Cash preferred,25%,6,8,Low,6,7,No,5,दीव
Nubra Valley,Jammu & Kashmir,North,medium,cold,adventure,summer,adventure,4.8,Double-humped Bactrian camels and sand dunes in the Himalayas,2000,5500,Bactrian Camels|Sand Dunes|Diskit Monastery,Low,Ladakhi|Hindi,Thukpa|Skyu|Apricot Jam,Free,Camp|Guesthouse,Car|Bike,,Bactrian Camel|Snow Leopard,No,No,Yes,Yes,Medium,High,10,—,—,October,Auto|Bus|Car,30,18,Medium,Basic,No,Cash preferred,25%,6,8,Low,6,7,No,5,नुब्रा घाटी
Araku Valley,Andhra Pradesh,South,low,mild,nature,winter,nature,4.5,Tribal heartland with coffee plantations waterfalls and scenic train journey,700,2000,Coffee|Tribal Culture|Scenic Train,Low,Telugu|Gondi,Bamboo Chicken|Araku Coffee|Tribal Thali,Free,Guesthouse|Resort,Train|Car,Easy,Elephant|Gaur|Bison,No,Yes,Yes,Yes,Low,Low,8,—,—,October,Auto|Bus|Car,30,18,Medium,Basic,No,Cash preferred,25%,6,8,Low,6,7,No,5,अराकू घाटी
Tirthan Valley,Himachal Pradesh,North,low,mild,nature,spring,nature,4.7,Hidden gem with crystal trout-filled river Great Himalayan National Park,900,2800,Trout Fishing|GHNP|River Camping,Low,Hindi|Pahari,Trout Fish|Siddu|Local Thali,Free,Riverside Camp|Guesthouse,Car,Moderate,Brown Bear|Snow Leopard|Musk Deer,Yes,No,Yes,Yes,Medium,Low,9,—,—,October,Auto|Bus|Car,30,18,Medium,Basic,No,Cash preferred,25%,6,8,Low,6,7,No,5,तीर्थन घाटी
Landour,Uttarakhand,North,low,cold,nature,spring,nature,4.6,Quaint Mussoorie neighbour with Ruskin Bond connection and colonial charm,900,2800,Ruskin Bond|Colonial Charm|Peace,Low,Hindi|English,Tibetan Food|Thali|Bakery,Free,Guesthouse|Homestay,Car,Easy,Barking Deer|Langur,No,Yes,Yes,Yes,Low,Low,7,—,—,October,Auto|Bus|Car,30,18,Medium,Basic,No,Cash preferred,25%,6,8,Low,6,7,No,5,लंढौर
Mukteshwar,Uttarakhand,North,low,cold,nature,spring,nature,4.5,Serene Kumaon village with apple orchards Himalayan views and rock climbing,800,2500,Apple Orchards|Himalayan Views|Rock Climbing,Low,Hindi|Kumaoni,Thali|Bal Mithai|Aloo Gutke,Free,Homestay|Guesthouse,Car,Easy,Leopard|Barking Deer,No,Yes,Yes,Yes,Medium,Low,8,—,—,October,Auto|Bus|Car,30,18,Medium,Basic,No,Cash preferred,25%,6,8,Low,6,7,No,5,मुक्तेश्वर
Champaner,Gujarat,West,low,hot,cultural,winter,cultural,4.5,UNESCO World Heritage site with medieval mosques and Hindu temples,600,1800,UNESCO|Medieval Mosques|Pavagadh Hill,Low,Gujarati,Thepla|Khakhra|Undhiyu,20,Hotel|Guesthouse,Car|Bus,Easy,—,Yes,Yes,Yes,Yes,Low,Medium,8,—,—,October,Auto|Bus|Car,30,18,Medium,Basic,No,Cash preferred,25%,6,8,Low,6,7,No,5,चांपानेर
Kolad,Maharashtra,West,low,tropical,adventure,monsoon,adventure,4.5,Monsoon adventure hub with white water rafting on Kundalika river,800,2500,River Rafting|Rappelling|Camping,Low,Marathi,Malvani Thali|Fish Curry|Vada Pav,Free,Camp|Resort,Car,,Crocodile|Kingfisher,No,No,Yes,Yes,Very High,Low,7,—,—,October,Auto|Bus|Car,30,18,Medium,Basic,No,Cash preferred,25%,6,8,Low,6,7,No,5,कोलाड
Chail,Himachal Pradesh,North,low,cold,nature,summer,nature,4.4,Peaceful hill retreat with the worlds highest cricket ground,900,2800,Highest Cricket Ground|Pine Forests|Peace,Low,Hindi|Pahari,Siddu|Thali|Chha Gosht,Free,Hotel|Guesthouse,Car,Easy,Barking Deer|Himalayan Monal,No,Yes,Yes,Yes,Low,Low,7,—,—,October,Auto|Bus|Car,30,18,Medium,Basic,No,Cash preferred,25%,6,8,Low,6,7,No,5,चैल
Haflong,Assam,Northeast,low,mild,nature,winter,nature,4.4,Northeasts only hill station with Haflong Lake tribal culture and misty hills,700,2000,Hill Station|Tribal Culture|Lake,Low,Dimasa|Hindi|Assamese,Khar|Pitha|Rice Beer,Free,Guesthouse|Homestay,Train|Car,Easy,Clouded Leopard|Hoolock Gibbon,No,No,Yes,Yes,Low,Low,7,—,—,October,Auto|Bus|Car,30,18,Medium,Basic,No,Cash preferred,25%,6,8,Low,6,7,No,5,हाफलोंग
Panchgani,Maharashtra,West,low,mild,nature,summer,nature,4.4,Table land plateau strawberry farms and panoramic Deccan views,800,2500,Table Land|Strawberries|Paragliding,Medium,Marathi,Strawberry Cream|Vada Pav|Corn,Free,Hotel|Camp,Car|Bus,Easy,Barking Deer|Langur,No,Yes,Yes,Yes,Medium,Low,7,—,—,October,Auto|Bus|Car,30,18,Medium,Basic,No,Cash preferred,25%,6,8,Low,6,7,No,5,पांचगनी
Lepakshi,Andhra Pradesh,South,low,hot,cultural,winter,cultural,4.5,Ancient Vijayanagara temple with the largest Nandi statue and hanging pillar,500,1500,Hanging Pillar|Nandi Statue|Frescoes,Low,Telugu,Gongura Pickle|Pesarattu|Thali,20,Day Trip Only,Car|Bus,,Peacock,No,Yes,Yes,Yes,Low,High,9,—,—,October,Auto|Bus|Car,30,18,Medium,Basic,No,Cash preferred,25%,6,8,Low,6,7,No,5,लेपाक्षी
Mandu,Madhya Pradesh,Central,low,mild,cultural,winter,cultural,4.4,Ruined city of joy with magnificent Afghan architecture and baolis,600,1800,Afghan Architecture|Baolis|Ruins,Low,Hindi,Dal Baati|Poha|Thali,100,Hotel|Guesthouse,Car|Bus,Easy,Nilgai|Jackal,No,Yes,Yes,Yes,Low,Low,8,—,—,October,Auto|Bus|Car,30,18,Medium,Basic,No,Cash preferred,25%,6,8,Low,6,7,No,5,मांडू
Bhandardara,Maharashtra,West,low,mild,nature,monsoon,nature,4.5,Scenic dam lake firefly festival and umbrella falls near Mumbai,700,2000,Fireflies|Umbrella Falls|Lake Camping,Low,Marathi,Zunka Bhakar|Vada Pav|Bhel,Free,Camp|Resort,Car|Train,Easy,Barking Deer|Langur,No,Yes,Yes,Yes,Low,Low,7,—,—,October,Auto|Bus|Car,30,18,Medium,Basic,No,Cash preferred,25%,6,8,Low,6,7,No,5,भंडारदरा
Kheerganga,Himachal Pradesh,North,low,mild,adventure,summer,adventure,4.6,Hot spring trek through dense forests and apple orchards in Parvati Valley,700,2000,Hot Springs|Trekking|Parvati Valley,Low,Hindi|Pahari,Thali|Maggi|Lassi,Free,Camp|Trek Hut,Trek Only,Moderate,Himalayan Bear|Musk Deer,No,No,Yes,Yes,High,High,9,—,—,October,Auto|Bus|Car,30,18,Medium,Basic,No,Cash preferred,25%,6,8,Low,6,7,No,5,खीर गंगा
Rann of Kutch,Gujarat,West,medium,hot,cultural,winter,nature,4.7,World's largest salt flat turning brilliant white under the full moon,1500,5000,White Desert|Full Moon Night|Handicrafts,Medium,Gujarati|Kutchi,Dabeli|Thepla|Khichdi,Free,Tent City|Luxury Camp,Car|Flight,,Wild Ass|Flamingo,No,Yes,Yes,Yes,Low,Low,10,—,—,October,Auto|Bus|Car,30,18,Medium,Basic,No,Cash preferred,25%,6,8,Low,6,7,No,5,कच्छ का रण
Marayoor,Kerala,South,low,mild,nature,winter,nature,4.4,Kerala's sandalwood and sugarcane kingdom with Muniyara dolmens,800,2200,Sandalwood|Sugarcane|Dolmens,Low,Malayalam,Kerala Meals|Payasam|Puttu,Free,Homestay|Resort,Car,Easy,Elephant|Gaur,No,Yes,Yes,Yes,Low,Low,7,—,—,October,Auto|Bus|Car,30,18,Medium,Basic,No,Cash preferred,25%,6,8,Low,6,7,No,5,मारयूर
Kausani,Uttarakhand,North,low,cold,nature,spring,nature,4.5,Switzerland of India with panoramic Himalayan sunrise and tea gardens,900,2500,Himalayan Sunrise|Tea Gardens|Gandhi Ashram,Low,Hindi|Kumaoni,Thali|Bal Mithai|Kafuli,Free,Hotel|Guesthouse,Car|Bus,Easy,Himalayan Bear|Monal,No,Yes,Yes,Yes,Low,Medium,8,—,—,October,Auto|Bus|Car,30,18,Medium,Basic,No,Cash preferred,25%,6,8,Low,6,7,No,5,कौसानी
Naggar,Himachal Pradesh,North,low,mild,cultural,spring,nature,4.5,Ancient castle village of Kullu valley with Nicholas Roerich Art Gallery,800,2400,Roerich Art Gallery|Castle|Apple Orchards,Low,Hindi|Kulluvi,Trout|Siddu|Local Thali,Free,Guesthouse|Homestay,Car,Easy,Himalayan Bear|Musk Deer,No,Yes,Yes,Yes,Low,Medium,8,—,—,October,Auto|Bus|Car,30,18,Medium,Basic,No,Cash preferred,25%,6,8,Low,6,7,No,5,नग्गर
Spiti - Key Monastery,Himachal Pradesh,North,medium,cold,cultural,summer,spiritual,4.8,Ancient monastery on a cliff with 1000 year old mural paintings at 4166m,1500,4000,Ancient Murals|Cliff Monastery|High Altitude,Low,Spitian|Hindi,Thukpa|Tsampa|Butter Tea,Free,Monastery Stay|Guesthouse,Car|Bike,,Snow Leopard|Ibex,No,No,Yes,Yes,Medium,Very High,10,—,—,October,Auto|Bus|Car,30,18,Medium,Basic,No,Cash preferred,25%,6,8,Low,6,7,No,5,स्पीति - की मठ
Patan,Gujarat,West,low,hot,cultural,winter,cultural,4.5,UNESCO Rani ki Vav stepwell and Patola silk weaving tradition,600,1800,Rani ki Vav|Patola Silk|Stepwells,Low,Gujarati,Thepla|Khichdi|Fafda,Free,Hotel|Guesthouse,Car|Bus,,—,Yes,Yes,Yes,Yes,Low,Medium,9,—,—,October,Auto|Bus|Car,30,18,Medium,Basic,No,Cash preferred,25%,6,8,Low,6,7,No,5,पाटन
Mudumalai,Tamil Nadu,South,medium,tropical,nature,winter,nature,4.6,Wildlife sanctuary at the tri-junction of three states with elephant herds,1800,5000,Elephant|Tiger|Teak Forest,Low,Tamil|Kannada|Telugu,Filter Coffee|Rice Thali|Jungle Food,500,Jungle Lodge|Forest Bungalow,Car,,Elephant|Tiger|Gaur|Sloth Bear,No,Yes,Yes,Yes,Medium,Low,8,—,—,October,Auto|Bus|Car,30,18,Medium,Basic,No,Cash preferred,25%,6,8,Low,6,7,No,5,मुदुमलाई
Bir Billing,Himachal Pradesh,North,low,mild,adventure,spring,adventure,4.7,Paragliding capital of Asia with Tibetan monasteries and Himalayan views,900,2800,Paragliding|Tibetan Culture|Monasteries,Low,Hindi|Tibetan,Momos|Thukpa|Butter Tea,Free,Camp|Guesthouse,Car|Bus,,Himalayan Monal|Snow Pigeon,No,No,Yes,Yes,Very High,Medium,9,—,—,October,Auto|Bus|Car,30,18,Medium,Basic,No,Cash preferred,25%,6,8,Low,6,7,No,5,बीर बिलिंग
Muzhappilangad Beach,Kerala,South,low,tropical,beach,winter,nature,4.4,Indias longest drive-in beach with no rocks and smooth sands,700,2000,Drive-In Beach|Sunset|Coconut Groves,Low,Malayalam,Seafood|Banana Fritters|Coconut Water,Free,Beach Resort|Guesthouse,Car|Bus,,Sea Turtle,No,Yes,Yes,Yes,Low,Low,7,—,—,October,Auto|Bus|Car,30,18,Medium,Basic,No,Cash preferred,25%,6,8,Low,6,7,No,5,मुझप्पिलंगड बीच
Kalo Dungar,Gujarat,West,low,hot,nature,winter,nature,4.5,Black hills with magnetic fields that attract vehicles and panoramic Rann views,500,1500,Magnetic Hill|Rann View|Sunset,Low,Gujarati|Kutchi,Thepla|Khichdi|Chai,Free,Budget Hotel|Camp,Car,Easy,Wild Ass|Fox,No,No,Yes,Yes,Low,Low,8,—,—,October,Auto|Bus|Car,30,18,Medium,Basic,No,Cash preferred,25%,6,8,Low,6,7,No,5,काला डूंगर
Kabini,Karnataka,South,medium,tropical,nature,winter,nature,4.7,Premium wildlife resort on the banks of the Kabini reservoir,2500,8000,Tiger|Leopard|Elephant|Boat Safari,Low,Kannada,South Indian Thali|Filter Coffee,Free,Luxury Lodge|Resort,Car,,Tiger|Leopard|Elephant|Wild Dog,No,Yes,Yes,Yes,Medium,Low,9,—,—,October,Auto|Bus|Car,30,18,Medium,Basic,No,Cash preferred,25%,6,8,Low,6,7,No,5,काबिनी
Chandra Taal,Himachal Pradesh,North,low,cold,adventure,summer,adventure,4.8,Moon Lake at 4300m surrounded by barren mountains and stunning reflections,1500,4000,Moon Lake|Camping|Stargazing,Low,Hindi|Spitian,Camp Food|Maggi|Chai,Free,Camp Only,Car|Trek,Challenging,Snow Leopard|Ibex,No,No,Yes,Yes,Very High,Low,10,—,—,October,Auto|Bus|Car,30,18,Medium,Basic,No,Cash preferred,25%,6,8,Low,6,7,No,5,चंद्रताल
Hemis,Jammu & Kashmir,North,low,cold,cultural,summer,spiritual,4.7,Largest monastery in Ladakh famous for its annual mask dance festival,1500,4000,Hemis Festival|Largest Monastery|Thangka Art,Low,Ladakhi|Hindi,Thukpa|Butter Tea|Tsampa,Free,Guesthouse|Monastery Stay,Car,,Snow Leopard|Tibetan Wolf,No,No,Yes,Yes,Low,Very High,9,—,—,October,Auto|Bus|Car,30,18,Medium,Basic,No,Cash preferred,25%,6,8,Low,6,7,No,5,हेमिस
Nohkalikai,Meghalaya,Northeast,low,tropical,nature,monsoon,nature,4.6,Indias tallest plunge waterfall dropping 340m into a blue-green pool,800,2200,Tallest Waterfall|Blue Pool|Cherrapunji,Low,Khasi|Hindi,Jadoh|Dohneiiong|Rice Beer,Free,Guesthouse|Budget Hotel,Car,Easy,Clouded Leopard|Hornbill,No,No,Yes,Yes,Low,Low,9,—,—,October,Auto|Bus|Car,30,18,Medium,Basic,No,Cash preferred,25%,6,8,Low,6,7,No,5,नोहकलिकाई
Coonoor,Tamil Nadu,South,low,mild,nature,spring,nature,4.5,Quieter Nilgiri hill station with spectacular Sim's Park and tea estates,900,2500,Tea Estates|Sims Park|Toy Train,Medium,Tamil|Kannada,Nilgiri Tea|Varkey|Vegetable Stew,Free,Hotel|Homestay,Train|Car,Easy,Nilgiri Marten|Gaur,No,Yes,Yes,Yes,Low,Low,7,—,—,October,Auto|Bus|Car,30,18,Medium,Basic,No,Cash preferred,25%,6,8,Low,6,7,No,5,कूनूर
Sattal,Uttarakhand,North,low,mild,nature,spring,nature,4.5,Seven interconnected freshwater lakes with bird watching paradise in Kumaon,800,2400,Seven Lakes|Bird Watching|Peace,Low,Hindi|Kumaoni,Thali|Local Food|Kafuli,Free,Guesthouse|Eco Lodge,Car,Easy,Himalayan Bear|Kingfisher|Osprey,No,Yes,Yes,Yes,Low,Low,8,—,—,October,Auto|Bus|Car,30,18,Medium,Basic,No,Cash preferred,25%,6,8,Low,6,7,No,5,सातताल
Cotigao,Goa,West,low,tropical,nature,winter,nature,4.4,Goas lesser-known wildlife sanctuary with sloth bears and rare birds,1200,3000,Wildlife|Forest|Peace,Low,Konkani|Marathi,Fish Curry|Bebinca|Xacuti,Free,Forest Lodge|Camp,Car,Easy,Sloth Bear|Malabar Giant Squirrel,No,No,Yes,Yes,Low,Low,7,—,—,October,Auto|Bus|Car,30,18,Medium,Basic,No,Cash preferred,25%,6,8,Low,6,7,No,5,कोटिगाओ
Rewalsar Lake,Himachal Pradesh,North,low,mild,cultural,spring,spiritual,4.4,Sacred lake shared by Hindus Buddhists and Sikhs with floating reed islands,700,2000,Sacred Lake|Floating Islands|Monasteries,Low,Hindi|Pahari,Thali|Momos|Butter Tea,Free,Guesthouse|Budget Hotel,Car|Bus,,Cormorant|Kingfisher,No,Yes,Yes,Yes,Low,Very High,7,—,—,October,Auto|Bus|Car,30,18,Medium,Basic,No,Cash preferred,25%,6,8,Low,6,7,No,5,रेवालसर झील
Yana Rocks,Karnataka,South,low,tropical,adventure,monsoon,nature,4.6,Majestic monolith rock formations rising from dense Sahyadri forest,700,2000,Monolith Rocks|Forest Trek|Cave Temple,Low,Kannada,Kadale Mannu|Thali|Local Snacks,Free,Budget Hotel|Guesthouse,Car,Moderate,Malabar Giant Squirrel|Hornbill,No,No,Yes,Yes,Medium,Low,8,—,—,October,Auto|Bus|Car,30,18,Medium,Basic,No,Cash preferred,25%,6,8,Low,6,7,No,5,याना चट्टानें
Dibang Valley,Arunachal Pradesh,Northeast,low,mild,nature,spring,nature,4.7,Remote valley with Mishmi tribe culture and rare Red Panda habitat,1000,3000,Mishmi Culture|Red Panda|Pristine Forest,Low,Idu Mishmi|Hindi,Smoked Pork|Bamboo Rice|Wild Herbs,Free,Homestay|Camp,Car|Trek,Challenging,Red Panda|Hoolock Gibbon,No,No,Yes,Yes,Medium,Low,10,—,—,October,Auto|Bus|Car,30,18,Medium,Basic,No,Cash preferred,25%,6,8,Low,6,7,No,5,दिबांग घाटी
Bhimashankar,Maharashtra,West,low,tropical,nature,monsoon,nature,4.5,Dense forest sanctuary with rare Indian Giant Squirrel and Jyotirlinga temple,800,2200,Giant Squirrel|Jyotirlinga|Forest Trek,Low,Marathi,Zunka Bhakri|Pitla|Local Veg,Free,Forest Lodge|Guesthouse,Car|Trek,Moderate,Indian Giant Squirrel|Leopard,No,No,Yes,Yes,Medium,High,8,—,—,October,Auto|Bus|Car,30,18,Medium,Basic,No,Cash preferred,25%,6,8,Low,6,7,No,5,भीमाशंकर
Tadoba,Maharashtra,West,medium,hot,nature,winter,nature,4.7,Maharashtras oldest tiger reserve with excellent big cat sighting record,2500,7000,Tiger Safari|Leopard|Wild Dog,Low,Marathi|Hindi,Thali|Dal Bati|Camp Food,Free,Jungle Lodge|Resort,Train|Car,,Bengal Tiger|Leopard|Gaur|Wild Dog,No,Yes,Yes,Yes,Medium,Low,9,—,—,October,Auto|Bus|Car,30,18,Medium,Basic,No,Cash preferred,25%,6,8,Low,6,7,No,5,ताडोबा
Bhutan Border - Phuentsholing,West Bengal,East,low,mild,cultural,spring,cultural,4.4,Indo-Bhutan border town with Bhutanese architecture and culture,700,2000,Bhutan Gate|Cultural Mix|Day Trip,Low,Bengali|Hindi|Dzongkha,Momos|Ema Datshi|Thali,Free,Hotel|Guesthouse,Car|Bus,,—,No,Yes,Yes,Yes,Low,Medium,7,—,—,October,Auto|Bus|Car,30,18,Medium,Basic,No,Cash preferred,25%,6,8,Low,6,7,No,5,भूटान सीमा - फुएंत्शोलिंग
Pangot,Uttarakhand,North,low,cold,nature,spring,nature,4.6,Bird-watching paradise near Nainital with over 580 species recorded,900,2500,Bird Watching|Himalayan Views|Peace,Low,Hindi|Kumaoni,Thali|Local Food,Free,Eco Lodge|Guesthouse,Car,Easy,Kalij Pheasant|Koklass Pheasant|Lammergeyer,No,No,Yes,Yes,Low,Low,8,—,—,October,Auto|Bus|Car,30,18,Medium,Basic,No,Cash preferred,25%,6,8,Low,6,7,No,5,पांगोट
Bhimtal,Uttarakhand,North,low,mild,nature,summer,nature,4.4,Larger and quieter alternative to Nainital with an island in the lake,800,2200,Lake|Island Aquarium|Peace,Low,Hindi|Kumaoni,Thali|Bal Mithai,Free,Hotel|Guesthouse,Car,,Kingfisher|Osprey,No,Yes,Yes,Yes,Low,Low,7,—,—,October,Auto|Bus|Car,30,18,Medium,Basic,No,Cash preferred,25%,6,8,Low,6,7,No,5,भीमताल
Chakrata,Uttarakhand,North,low,cold,nature,summer,nature,4.4,Offbeat cantonment hill with Tiger Falls and dense deodar forests,700,2000,Tiger Falls|Deodar Forest|Colonial,Low,Hindi,Thali|Maggi|Local Food,Free,Hotel|Camp,Car,Easy,Himalayan Bear|Barking Deer,No,No,Yes,Yes,Low,Low,7,—,—,October,Auto|Bus|Car,30,18,Medium,Basic,No,Cash preferred,25%,6,8,Low,6,7,No,5,चकराता
Dalhousie,Himachal Pradesh,North,low,cold,nature,summer,nature,4.4,Charming colonial hill station with Subhash Baoli and Kalatop forest,800,2400,Colonial Charm|Forest|Views,Medium,Hindi|Pahari,Thali|Sidu|Rajma Chawal,Free,Hotel|Guesthouse,Bus|Car,Easy,Himalayan Monal|Barking Deer,No,Yes,Yes,Yes,Low,Low,7,—,—,October,Auto|Bus|Car,30,18,Medium,Basic,No,Cash preferred,25%,6,8,Low,6,7,No,5,डलहौज़ी
Khimsar,Rajasthan,North,medium,hot,adventure,winter,adventure,4.4,Offbeat desert experience with sand dunes village life and heritage fort,1500,5000,Desert|Heritage Fort|Village Life,Low,Hindi|Rajasthani,Dal Baati|Thali|Kheer,Free,Heritage Fort|Desert Camp,Car,,Desert Fox|Chinkara|Great Indian Bustard,No,Yes,Yes,Yes,Medium,Low,8,—,—,October,Auto|Bus|Car,30,18,Medium,Basic,No,Cash preferred,25%,6,8,Low,6,7,No,5,खिमसर
Magnetic Hill,Jammu & Kashmir,North,low,cold,nature,summer,nature,4.3,Mysterious gravity-defying hill where vehicles appear to roll uphill,1500,4000,Gravity Hill|Monastery|Indus River,Low,Ladakhi|Hindi,Thukpa|Butter Tea|Tsampa,Free,Guesthouse|Budget Hotel,Car|Bike,,Himalayan Marmot,No,No,Yes,Yes,Low,Medium,7,—,—,October,Auto|Bus|Car,30,18,Medium,Basic,No,Cash preferred,25%,6,8,Low,6,7,No,5,मैग्नेटिक हिल
Kasol,Himachal Pradesh,North,low,mild,adventure,spring,adventure,4.5,Backpacker paradise in Parvati Valley with Israeli food and trekking,700,2200,Backpacking|Trekking|Parvati River,Low,Hindi|Hebrew,Israeli Food|Momos|Thali,Free,Guesthouse|Camp,Bus|Car,Moderate,Himalayan Bear|Musk Deer,No,No,Yes,Yes,High,Low,7,—,—,October,Auto|Bus|Car,30,18,Medium,Basic,No,Cash preferred,25%,6,8,Low,6,7,No,5,कसोल
Parashar Lake,Himachal Pradesh,North,low,cold,adventure,summer,adventure,4.7,Mystical high-altitude lake with a floating island and ancient temple,800,2200,Floating Island|Temple|Trekking,Low,Hindi|Mandi,Thali|Siddu|Local Food,Free,Camp|Trek Hut,Car|Trek,Moderate,Snow Pigeon|Himalayan Griffin,No,No,Yes,Yes,High,High,9,—,—,October,Auto|Bus|Car,30,18,Medium,Basic,No,Cash preferred,25%,6,8,Low,6,7,No,5,पराशर झील
Morni Hills,Haryana,North,low,mild,nature,spring,nature,4.3,Haryana's only hill station with twin lakes and dense forests,700,2000,Twin Lakes|Forest|Peace,Low,Hindi|Punjabi,Thali|Lassi|Paratha,Free,Hotel|Forest Rest House,Car,Easy,Sambar|Barking Deer,No,Yes,Yes,Yes,Low,Low,6,—,—,October,Auto|Bus|Car,30,18,Medium,Basic,No,Cash preferred,25%,6,8,Low,6,7,No,5,मोरनी हिल्स
Daringbadi,Odisha,East,low,mild,nature,winter,nature,4.4,Kashmir of Odisha with coffee plantations and pine forests,800,2200,Pine Forests|Coffee|Kashmir of Odisha,Low,Odia|Kondh,Dalma|Pakhala|Rice Beer,Free,Guesthouse|Resort,Car,Easy,Elephant|Barking Deer,No,Yes,Yes,Yes,Low,Low,7,—,—,October,Auto|Bus|Car,30,18,Medium,Basic,No,Cash preferred,25%,6,8,Low,6,7,No,5,डारिंगबाड़ी
Deomali,Odisha,East,low,mild,adventure,winter,adventure,4.4,Highest peak of Odisha with tribal culture and untouched beauty,700,2000,Highest Peak|Tribal Culture|Forest,Low,Odia|Telugu,Dalma|Pitho Roti|Rice Beer,Free,Camp|Guesthouse,Car|Trek,Moderate,Elephant|Gaur,No,No,Yes,Yes,Medium,Low,8,—,—,October,Auto|Bus|Car,30,18,Medium,Basic,No,Cash preferred,25%,6,8,Low,6,7,No,5,देओमाली
Lohit Valley,Arunachal Pradesh,Northeast,low,tropical,nature,winter,nature,4.5,Remote valley with golden Mahseer fish and Mishmi Hills,900,2500,Mahseer Fishing|Mishmi Culture|River,Low,Idu Mishmi|Hindi,Smoked Meat|Bamboo Shoot|Rice Beer,Free,Guesthouse|Camp,Car,,Golden Mahseer|Hoolock Gibbon,No,No,Yes,Yes,Medium,Low,8,—,—,October,Auto|Bus|Car,30,18,Medium,Basic,No,Cash preferred,25%,6,8,Low,6,7,No,5,लोहित घाटी
Longwa Village,Nagaland,Northeast,low,mild,cultural,winter,cultural,4.6,Village split by India-Myanmar border where king's hut lies in two countries,900,2500,International Border|Konyak Tribe|Head Hunters,Low,Konyak|Assamese,Smoked Pork|Axone|Rice Beer,Free,Homestay|Guesthouse,Car,,Hornbill,No,No,Yes,Yes,Low,Medium,10,—,—,October,Auto|Bus|Car,30,18,Medium,Basic,No,Cash preferred,25%,6,8,Low,6,7,No,5,लोंगवा गांव
Dzukou Valley Trek,Nagaland,Northeast,low,mild,adventure,summer,adventure,4.8,Epic trek through the valley of flowers crossing Nagaland-Manipur border,800,2200,Valley of Flowers|Trek|Rare Flowers,Low,Naga|Hindi,Camp Food|Rice|Smoked Meat,Free,Trek Hut|Camp,Trek Only,Challenging,Hornbill|Blyth's Tragopan,No,No,Yes,Yes,Very High,Low,10,—,—,October,Auto|Bus|Car,30,18,Medium,Basic,No,Cash preferred,25%,6,8,Low,6,7,No,5,ज़ुकू घाटी ट्रेक
Loktak Lake,Manipur,Northeast,low,mild,nature,winter,nature,4.5,Largest freshwater lake in Northeast India with floating phumdis,800,2200,Floating Islands|Sangai Deer|Phumdi,Low,Meitei|Hindi,Eromba|Singju|Chamthong,Free,Guesthouse|Eco Lodge,Car,,Sangai|Water Birds,No,No,Yes,Yes,Low,Low,9,—,—,October,Auto|Bus|Car,30,18,Medium,Basic,No,Cash preferred,25%,6,8,Low,6,7,No,5,लोकताक झील
Keibul Lamjao,Manipur,Northeast,low,mild,nature,winter,nature,4.6,World's only floating national park home to the endangered Sangai deer,900,2500,Sangai Deer|Floating Park|Unique,Low,Meitei|Hindi,Eromba|Ngari|Chamthong,500,Eco Lodge|Guesthouse,Car,,Sangai|Water Monitor,No,No,Yes,Yes,Low,Low,9,—,—,October,Auto|Bus|Car,30,18,Medium,Basic,No,Cash preferred,25%,6,8,Low,6,7,No,5,केइबुल लामजाओ
Phawngpui,Mizoram,Northeast,low,mild,nature,spring,nature,4.7,Blue Mountain of Mizoram with stunning views and rare Blyth's Tragopan,900,2500,Blue Mountain|Blyth Tragopan|Sunrise,Low,Mizo|Hindi,Bai|Sawhchiar|Zu,Free,Eco Lodge|Guesthouse,Trek Only,Moderate,Blyth's Tragopan|Clouded Leopard,No,No,Yes,Yes,Medium,Low,9,—,—,October,Auto|Bus|Car,30,18,Medium,Basic,No,Cash preferred,25%,6,8,Low,6,7,No,5,फांगपुई
Vantawng Falls,Mizoram,Northeast,low,tropical,nature,monsoon,nature,4.5,Mizoram's highest waterfall cascading 751 feet through dense forest,700,2000,Highest Waterfall|Forest|Remote,Low,Mizo|Hindi,Bai|Sawhchiar|Local Food,Free,Guesthouse|Budget Hotel,Car|Trek,Moderate,Hoolock Gibbon|Hornbill,No,No,Yes,Yes,Low,Low,8,—,—,October,Auto|Bus|Car,30,18,Medium,Basic,No,Cash preferred,25%,6,8,Low,6,7,No,5,वांतांग जलप्रपात
Unakoti,Tripura,Northeast,low,mild,cultural,winter,cultural,4.6,Rock cut sculptures carved into a hillside - legend of one less than a crore,600,1800,Rock Carvings|Shiva Sculptures|Forest,Low,Bengali|Kokborok,Mui Borok|Berma|Rice Beer,Free,Guesthouse|Budget Hotel,Car,Easy,Hoolock Gibbon|Hornbill,No,No,Yes,Yes,Low,High,9,—,—,October,Auto|Bus|Car,30,18,Medium,Basic,No,Cash preferred,25%,6,8,Low,6,7,No,5,उनाकोटी
Neermahal,Tripura,Northeast,low,tropical,cultural,winter,cultural,4.5,Beautiful water palace built by Maharaja of Tripura in the middle of a lake,600,1800,Water Palace|Lake|Royal Heritage,Low,Bengali|Kokborok,Mui Borok|Fish Curry|Rice,50,Hotel|Guesthouse,Car|Boat,,Kingfisher|Darter,No,Yes,Yes,Yes,Low,Medium,8,—,—,October,Auto|Bus|Car,30,18,Medium,Basic,No,Cash preferred,25%,6,8,Low,6,7,No,5,नीरमहल
Tezpur,Assam,Northeast,low,tropical,cultural,winter,cultural,4.4,City of eternal romance with ancient ruins and scenic Brahmaputra views,700,2000,Ancient Ruins|Brahmaputra|Peace,Low,Assamese,Khar|Masor Tenga|Pitha,Free,Hotel|Guesthouse,Flight|Train|Car,,River Dolphin|Birds,No,Yes,Yes,Yes,Low,Medium,7,—,—,October,Auto|Bus|Car,30,18,Medium,Basic,No,Cash preferred,25%,6,8,Low,6,7,No,5,तेज़पुर
Majhuli Satra,Assam,Northeast,low,tropical,cultural,winter,spiritual,4.5,Cultural heartland of Vaishnavism with 22 satras and mask making tradition,700,2000,Satras|Mask Making|Cultural Heritage,Low,Assamese,Khar|Pitha|Luchi,Free,Guesthouse|Homestay,Ferry,,Birds|River Otter,No,Yes,Yes,Yes,Low,Very High,8,—,—,October,Auto|Bus|Car,30,18,Medium,Basic,No,Cash preferred,25%,6,8,Low,6,7,No,5,माजुली सत्र
Bomdila,Arunachal Pradesh,Northeast,low,mild,cultural,spring,cultural,4.5,Gateway to Tawang with beautiful monasteries and apple orchards,900,2500,Monasteries|Apple Orchards|Gateway,Low,Monpa|Hindi,Thukpa|Momos|Apong,Free,Guesthouse|Hotel,Car,Easy,Red Panda|Clouded Leopard,No,Yes,Yes,Yes,Low,High,8,—,—,October,Auto|Bus|Car,30,18,Medium,Basic,No,Cash preferred,25%,6,8,Low,6,7,No,5,बोमडिला
Along,Arunachal Pradesh,Northeast,low,mild,adventure,spring,adventure,4.5,Adventure capital of Arunachal with Siang river rafting,900,2800,Rafting|Adi Tribe|Siang River,Low,Adi|Hindi,Apong|Bamboo Shoot|Smoked Pork,Free,Guesthouse|Camp,Car|Flight,,Hoolock Gibbon|Clouded Leopard,No,No,Yes,Yes,High,Low,8,—,—,October,Auto|Bus|Car,30,18,Medium,Basic,No,Cash preferred,25%,6,8,Low,6,7,No,5,अलोंग
Mechuka,Arunachal Pradesh,Northeast,low,cold,nature,summer,nature,4.8,Remote valley near China border with ancient monastery and pristine river,1000,3000,Remote Beauty|Ancient Monastery|Siyom River,Low,Memba|Hindi,Gyapa|Local Thali|Rice Wine,Free,Guesthouse|Homestay,Car|Flight,Moderate,Snow Leopard|Musk Deer,No,No,Yes,Yes,Medium,High,10,—,—,October,Auto|Bus|Car,30,18,Medium,Basic,No,Cash preferred,25%,6,8,Low,6,7,No,5,मेचुका
Pakke,Arunachal Pradesh,Northeast,medium,tropical,nature,winter,nature,4.6,Tiger reserve famous for hornbill nesting and wildlife photography,2000,5000,Hornbill|Tiger|Elephant|Photography,Low,Nyishi|Hindi,Smoked Meat|Rice|Bamboo Shoot,Free,Eco Lodge|Forest Bungalow,Car,,Hornbill|Tiger|Clouded Leopard,No,No,Yes,Yes,Medium,Low,9,—,—,October,Auto|Bus|Car,30,18,Medium,Basic,No,Cash preferred,25%,6,8,Low,6,7,No,5,पक्के
Walong,Arunachal Pradesh,Northeast,low,cold,adventure,summer,adventure,4.7,Easternmost town of India at the Sino-Indian border with war memorial,1000,3000,India's Easternmost Town|War Memorial|Lohit River,Low,Meyor|Hindi,Rice Beer|Smoked Pork|Bamboo Shoot,Free,Guesthouse|Camp,Car,Moderate,Hoolock Gibbon|Clouded Leopard,No,No,Yes,Yes,Medium,Medium,9,—,—,October,Auto|Bus|Car,30,18,Medium,Basic,No,Cash preferred,25%,6,8,Low,6,7,No,5,वालोंग
Lambasingi,Andhra Pradesh,South,low,cold,nature,winter,nature,4.5,Kashmir of Andhra Pradesh with rare fog and cold temperatures,700,2000,Fog|Cold Climate|Apple Orchards,Low,Telugu,Gongura Mutton|Pesarattu|Avakaya,Free,Camp|Guesthouse,Car,Easy,Leopard|Barking Deer,No,Yes,Yes,Yes,Low,Low,8,—,—,October,Auto|Bus|Car,30,18,Medium,Basic,No,Cash preferred,25%,6,8,Low,6,7,No,5,लांबासिंगी
Horsley Hills,Andhra Pradesh,South,low,mild,nature,summer,nature,4.4,Cool hill station in Andhra with colonial bungalows and eucalyptus forests,700,2000,Colonial Bungalows|Peace|Sunrise,Low,Telugu,Gongura Rice|Pesarattu|Thali,Free,Hotel|Guesthouse,Car|Bus,Easy,Spotted Deer|Sambar,No,Yes,Yes,Yes,Low,Low,7,—,—,October,Auto|Bus|Car,30,18,Medium,Basic,No,Cash preferred,25%,6,8,Low,6,7,No,5,हॉर्सली हिल्स
Belum Caves,Andhra Pradesh,South,low,hot,adventure,winter,cultural,4.5,Second longest natural caves in Indian subcontinent with stalactites,500,1500,Natural Caves|Stalactites|Underground,Low,Telugu,Pesarattu|Thali|Local Food,150,Budget Hotel|Day Trip,Car|Bus,,Cave Fish,No,Yes,Yes,Yes,Low,Low,8,—,—,October,Auto|Bus|Car,30,18,Medium,Basic,No,Cash preferred,25%,6,8,Low,6,7,No,5,बेलम गुफाएं
Bhongir Fort,Telangana,South,low,hot,adventure,winter,cultural,4.4,Monolithic rock fort perched on a single massive boulder near Hyderabad,500,1500,Monolithic Fort|Rock Climbing|History,Low,Telugu,Hyderabadi Biryani|Mirchi Ka Salan,30,Day Trip Only,Car|Bus,Moderate,Vulture|Eagle,No,Yes,Yes,Yes,Medium,Medium,7,—,—,October,Auto|Bus|Car,30,18,Medium,Basic,No,Cash preferred,25%,6,8,Low,6,7,No,5,भोंगीर किला
Kurnool Caves,Andhra Pradesh,South,low,hot,cultural,winter,cultural,4.3,Prehistoric Belum and Yaganti caves with ancient carvings and fossils,500,1500,Prehistoric Caves|Fossils|Ancient Carvings,Low,Telugu,Pesarattu|Thali|Local Food,100,Day Trip|Budget Hotel,Car|Bus,,Cave Bat,No,Yes,Yes,Yes,Low,Low,7,—,—,October,Auto|Bus|Car,30,18,Medium,Basic,No,Cash preferred,25%,6,8,Low,6,7,No,5,कुर्नूल गुफाएं
Bheemunipatnam,Andhra Pradesh,South,low,tropical,beach,winter,nature,4.4,Northernmost beach of Andhra with Dutch cemetery and lighthouse,600,1800,Dutch Cemetery|Lighthouse|Quiet Beach,Low,Telugu,Seafood|Pesarattu|Fish Curry,Free,Beach Resort|Budget Hotel,Car|Bus,,Sea Turtle|Dolphin,No,Yes,Yes,Yes,Low,Low,7,—,—,October,Auto|Bus|Car,30,18,Medium,Basic,No,Cash preferred,25%,6,8,Low,6,7,No,5,भीमुनिपट्टनम
Arvalem,Goa,West,low,tropical,cultural,winter,cultural,4.4,Ancient rock cut caves and scenic waterfall in North Goa,1200,3500,Rock Cut Caves|Waterfall|History,Low,Konkani|Marathi,Fish Curry|Xacuti|Bebinca,Free,Budget Hotel|Guesthouse,Car|Bus,,Kingfisher,No,Yes,Yes,Yes,Low,Low,7,—,—,October,Auto|Bus|Car,30,18,Medium,Basic,No,Cash preferred,25%,6,8,Low,6,7,No,5,अरवलेम
Cabo de Rama,Goa,West,low,tropical,beach,winter,romantic,4.5,Ruined Portuguese fort with stunning cliffs overlooking the Arabian Sea,1200,3500,Portuguese Fort|Cliffs|Secluded Beach,Low,Konkani|English,Fish Curry|Prawn Balchao,Free,Beach Hut|Budget Hotel,Car,Easy,Sea Eagle|Dolphin,No,Yes,Yes,Yes,Low,Low,8,—,—,October,Auto|Bus|Car,30,18,Medium,Basic,No,Cash preferred,25%,6,8,Low,6,7,No,5,काबो डी रामा
Divar Island,Goa,West,low,tropical,nature,winter,romantic,4.4,Peaceful river island with Portuguese mansions and village life,1200,3500,Portuguese Mansions|Village Life|River,Low,Konkani|Marathi,Fish Curry|Sorpotel|Local Food,Free,Homestay|Villa,Ferry|Bike,,Kingfisher|Cormorant,No,Yes,Yes,Yes,Low,Low,8,—,—,October,Auto|Bus|Car,30,18,Medium,Basic,No,Cash preferred,25%,6,8,Low,6,7,No,5,दीवार द्वीप
Salim Ali Bird Sanctuary,Goa,West,low,tropical,nature,winter,nature,4.5,Crocodile-inhabited mangrove sanctuary named after famous ornithologist,1200,3500,Mangroves|Birds|Crocodile|Boat Safari,Low,Konkani|English,Seafood|Local Food,Free,Budget Hotel|Guesthouse,Boat|Car,,Crocodile|Kingfisher|Purple Heron,No,No,Yes,Yes,Low,Low,7,—,—,October,Auto|Bus|Car,30,18,Medium,Basic,No,Cash preferred,25%,6,8,Low,6,7,No,5,सलीम अली पक्षी अभयारण्य
Bhimgad,Karnataka,South,low,tropical,nature,monsoon,nature,4.5,Home to the Wroughton's Free-tailed Bat and dense Sahyadri forests,800,2200,Rare Bat Colony|Forest|Trek,Low,Kannada,Kadle Mannu|Local Food|Thali,Free,Forest Lodge|Camp,Car|Trek,Moderate,Wroughton's Bat|Leopard|Sambar,No,No,Yes,Yes,Medium,Low,8,—,—,October,Auto|Bus|Car,30,18,Medium,Basic,No,Cash preferred,25%,6,8,Low,6,7,No,5,भीमगड़
Kudremukh,Karnataka,South,low,mild,adventure,monsoon,adventure,4.6,Horse Face peak trek through shola forests and grasslands,900,2500,Horse Face Peak|Shola Forest|Trekking,Low,Kannada|Tulu,Kadle Mannu|Local Food|Akki Roti,Free,Forest Lodge|Camp,Car|Trek,Challenging,Gaur|Lion-Tailed Macaque|Fishing Cat,No,No,Yes,Yes,Very High,Low,9,—,—,October,Auto|Bus|Car,30,18,Medium,Basic,No,Cash preferred,25%,6,8,Low,6,7,No,5,कुद्रेमुख
Agumbe,Karnataka,South,low,tropical,nature,monsoon,nature,4.5,Cherrapunji of the South with King Cobra research station and sunsets,800,2200,King Cobra|Rainforest|Sunset,Low,Kannada|Tulu,Local Thali|Kadle Mannu,Free,Homestay|Eco Lodge,Car,Moderate,King Cobra|Lion-Tailed Macaque,No,No,Yes,Yes,Low,Low,8,—,—,October,Auto|Bus|Car,30,18,Medium,Basic,No,Cash preferred,25%,6,8,Low,6,7,No,5,अगुम्बे
Mullayanagiri,Karnataka,South,low,mild,adventure,monsoon,adventure,4.6,Highest peak of Karnataka with spectacular views from 1930m,900,2800,Highest Peak|Trekking|Cloud Walk,Low,Kannada,Thali|Filter Coffee|Kadle Mannu,Free,Homestay|Resort,Car|Trek,Moderate,Elephant|Gaur|Leopard,No,No,Yes,Yes,High,Low,8,—,—,October,Auto|Bus|Car,30,18,Medium,Basic,No,Cash preferred,25%,6,8,Low,6,7,No,5,मुल्लयानगिरी
Bandipur,Karnataka,South,medium,hot,nature,winter,nature,4.7,Premier tiger reserve with excellent wildlife viewing and safaris,2000,6000,Tiger|Elephant|Leopard|Wild Dog,Medium,Kannada|Telugu,South Indian Thali|Filter Coffee,500,Jungle Lodge|Forest Bungalow,Car,,Tiger|Elephant|Gaur|Wild Dog,No,Yes,Yes,Yes,Medium,Low,9,—,—,October,Auto|Bus|Car,30,18,Medium,Basic,No,Cash preferred,25%,6,8,Low,6,7,No,5,बांदीपुर
Nagarhole,Karnataka,South,medium,tropical,nature,winter,nature,4.7,Rajiv Gandhi National Park with excellent leopard and tiger sightings,2000,6000,Tiger|Leopard|Elephant|Gaur,Low,Kannada,South Indian Thali|Filter Coffee,500,Jungle Lodge|Eco Resort,Car,,Tiger|Leopard|Elephant|Dhole,No,Yes,Yes,Yes,Medium,Low,9,—,—,October,Auto|Bus|Car,30,18,Medium,Basic,No,Cash preferred,25%,6,8,Low,6,7,No,5,नागरहोले
Hogenakkal,Tamil Nadu,South,low,hot,nature,summer,nature,4.5,Niagara of India where Kaveri River splits into numerous channels,700,2000,Waterfalls|Coracle Rides|Fish Massage,Low,Tamil|Kannada,Fish Curry|Idli|Dosa,Free,Budget Hotel|Guesthouse,Car|Bus,,Smooth-coated Otter|Mahseer,No,Yes,Yes,Yes,Low,Low,7,—,—,October,Auto|Bus|Car,30,18,Medium,Basic,No,Cash preferred,25%,6,8,Low,6,7,No,5,होगेनक्कल
Yercaud,Tamil Nadu,South,low,mild,nature,spring,nature,4.3,Offbeat Shevaroy Hills coffee estate with orange orchards and boating,700,2000,Coffee|Orange Orchards|Quiet,Low,Tamil,Filter Coffee|Rice Thali|Idli,Free,Hotel|Guesthouse,Car|Bus,Easy,Spotted Deer|Sambar,No,Yes,Yes,Yes,Low,Low,6,—,—,October,Auto|Bus|Car,30,18,Medium,Basic,No,Cash preferred,25%,6,8,Low,6,7,No,5,येरकॉड
Kodaikanal,Tamil Nadu,South,low,mild,nature,spring,nature,4.5,Princess of Hill Stations with star-shaped lake and coaker's walk,900,2800,Kodai Lake|Coakers Walk|Cheese,Medium,Tamil,Kodai Butter|Home-made Chocolate|Thali,Free,Hotel|Guesthouse,Car|Bus,Easy,Nilgiri Marten|Gaur,No,Yes,Yes,Yes,Low,Low,8,—,—,October,Auto|Bus|Car,30,18,Medium,Basic,No,Cash preferred,25%,6,8,Low,6,7,No,5,कोडाइकनाल
Topslip,Tamil Nadu,South,medium,tropical,nature,winter,nature,4.6,Rich wildlife area in Anamalai Tiger Reserve with lion-tailed macaque,1800,5000,Lion-tailed Macaque|Elephant|Gaur,Low,Tamil|Kannada,South Indian Meals|Filter Coffee,500,Forest Bungalow|Eco Lodge,Car,,Lion-Tailed Macaque|Elephant|Gaur|Sloth Bear,No,Yes,Yes,Yes,Medium,Low,8,—,—,October,Auto|Bus|Car,30,18,Medium,Basic,No,Cash preferred,25%,6,8,Low,6,7,No,5,टॉपस्लिप
Kolukkumalai,Kerala,South,low,cold,adventure,winter,nature,4.7,World's highest tea estate at 2400m with spectacular sunrise over clouds,1000,3000,Highest Tea Estate|Sunrise|Cloud Walk,Low,Malayalam|Tamil,Kerala Tea|Parotta|Egg Curry,Free,Homestay|Eco Lodge,Jeep Only,Challenging,Nilgiri Tahr|Sambar,No,No,Yes,Yes,Medium,Low,9,—,—,October,Auto|Bus|Car,30,18,Medium,Basic,No,Cash preferred,25%,6,8,Low,6,7,No,5,कोलुक्कुमलाई
Parambikulam,Kerala,South,medium,tropical,nature,winter,nature,4.6,Hidden gem with massive teak trees and excellent wildlife corridor,1800,5000,Giant Teak|Elephant|Tiger|Pristine,Low,Malayalam|Tamil,Kerala Meals|Bamboo Rice|Tribal Food,500,Forest Bungalow|Eco Lodge,Car,,Elephant|Tiger|Gaur,Yes,Yes,Yes,Yes,Medium,Low,8,—,—,October,Auto|Bus|Car,30,18,Medium,Basic,No,Cash preferred,25%,6,8,Low,6,7,No,5,परम्बिकुलम
Thenmala,Kerala,South,low,tropical,nature,monsoon,nature,4.4,India's first planned eco-tourism destination with butterfly corridor,800,2200,Eco Tourism|Butterfly|Sculpture Garden,Low,Malayalam,Kerala Meals|Seafood|Payasam,Free,Eco Lodge|Resort,Car,Easy,Elephant|Gaur|Leopard,No,Yes,Yes,Yes,Low,Low,7,—,—,October,Auto|Bus|Car,30,18,Medium,Basic,No,Cash preferred,25%,6,8,Low,6,7,No,5,थेन्मला
Silent Valley,Kerala,South,medium,tropical,nature,winter,nature,4.7,Last silent rainforest in India with no frogs due to lack of roads,2000,5000,Silent Rainforest|Lion-tailed Macaque|Pristine,Low,Malayalam,Kerala Forest Food|Local Tribal,500,Forest Guest House,Car|Trek,Moderate,Lion-Tailed Macaque|Tiger|Leopard,Yes,No,Yes,Yes,Low,Low,9,—,—,October,Auto|Bus|Car,30,18,Medium,Basic,No,Cash preferred,25%,6,8,Low,6,7,No,5,साइलेंट वैली
Athirappilly,Kerala,South,low,tropical,nature,monsoon,nature,4.6,Niagara of India and shooting location for multiple films,900,2800,Waterfall|Film Location|Forest,Medium,Malayalam,Kerala Thali|Seafood|Puttu,Free,Resort|Guesthouse,Car|Bus,,Elephant|Hornbill|Lion-tailed Macaque,No,Yes,Yes,Yes,Low,Low,8,—,—,October,Auto|Bus|Car,30,18,Medium,Basic,No,Cash preferred,25%,6,8,Low,6,7,No,5,अथिरापिल्ली
Wayanad,Kerala,South,low,tropical,nature,winter,nature,4.6,Misty hill district with coffee cardamom plantations and tribal culture,1200,3500,Coffee|Cardamom|Tribal Culture|Wildlife,Medium,Malayalam,Kerala Meals|Bamboo Rice|Tribal Food,Free,Treehouse|Homestay|Resort,Car,Easy,Elephant|Leopard|Gaur,No,Yes,Yes,Yes,Low,Low,8,—,—,October,Auto|Bus|Car,30,18,Medium,Basic,No,Cash preferred,25%,6,8,Low,6,7,No,5,वायनाड
Nelliampathy,Kerala,South,low,mild,nature,winter,nature,4.5,Least visited hill station of Kerala with orange and cardamom plantations,900,2500,Orange Plantation|Peace|Cardamom,Low,Malayalam,Orange Juice|Kerala Meals|Local Tea,Free,Guesthouse|Homestay,Car,Easy,Elephant|Gaur|Wild Boar,No,Yes,Yes,Yes,Low,Low,7,—,—,October,Auto|Bus|Car,30,18,Medium,Basic,No,Cash preferred,25%,6,8,Low,6,7,No,5,नेल्लियाम्पथी
Idukki,Kerala,South,low,tropical,nature,winter,nature,4.5,Arch dam district with Kerala's highest peak Anamudi and Eravikulam,1000,3000,Arch Dam|Anamudi|Eravikulam,Low,Malayalam,Kerala Meals|Wild Honey|Bamboo Rice,500,Homestay|Resort,Car,Moderate,Nilgiri Tahr|Elephant,Yes,Yes,Yes,Yes,Medium,Low,8,—,—,October,Auto|Bus|Car,30,18,Medium,Basic,No,Cash preferred,25%,6,8,Low,6,7,No,5,इडुक्की
Kumily,Kerala,South,low,tropical,nature,winter,nature,4.5,Gateway to Periyar with spice plantations and elephant safaris,1100,3200,Periyar|Spice Garden|Elephant Boat,Medium,Malayalam,Kerala Meals|Spice Tea|Cardamom,500,Resort|Homestay,Car|Bus,,Elephant|Gaur|Nilgiri Langur,No,Yes,Yes,Yes,Low,Low,7,—,—,October,Auto|Bus|Car,30,18,Medium,Basic,No,Cash preferred,25%,6,8,Low,6,7,No,5,कुमिली
Vagamon,Kerala,South,low,mild,nature,monsoon,nature,4.5,Meadows and pine forests with paragliding and backwater origins,900,2600,Meadows|Pine Forest|Paragliding,Low,Malayalam,Kerala Meals|Tea|Payasam,Free,Homestay|Resort,Car,Easy,Barking Deer|Sambar,No,Yes,Yes,Yes,Medium,Low,7,—,—,October,Auto|Bus|Car,30,18,Medium,Basic,No,Cash preferred,25%,6,8,Low,6,7,No,5,वागामोन
Kudle Beach,Karnataka,South,low,tropical,beach,winter,romantic,4.4,Hippie paradise south of Gokarna with calm sea and yoga culture,800,2500,Hippie Beach|Yoga|Quiet,Low,Kannada|Konkani,Seafood|South Indian Thali|Hummus,Free,Beach Hut|Guesthouse,Bus|Car,,Turtle|Dolphin,No,Yes,Yes,Yes,Low,Low,7,—,—,October,Auto|Bus|Car,30,18,Medium,Basic,No,Cash preferred,25%,6,8,Low,6,7,No,5,कुडले बीच
Om Beach,Karnataka,South,low,tropical,beach,winter,romantic,4.6,Sacred beach shaped like Om symbol in holy Gokarna town,800,2500,Om Shaped Beach|Sacred|Yoga|Cliffs,Low,Kannada|Konkani,Seafood|South Indian Thali,Free,Beach Hut|Guesthouse,Bus|Car,,Turtle|Dolphin,No,Yes,Yes,Yes,Low,High,8,—,—,October,Auto|Bus|Car,30,18,Medium,Basic,No,Cash preferred,25%,6,8,Low,6,7,No,5,ओम बीच
Murdeshwar,Karnataka,South,low,tropical,cultural,winter,spiritual,4.5,Giant Shiva statue by sea with underworld thrill ride at temple,700,2000,Giant Shiva|Sea Temple|Theme Attraction,Medium,Kannada,Seafood|Neer Dosa|Fish Curry,Free,Hotel|Beach Resort,Train|Car,,Dolphin|Sea Turtle,No,Yes,Yes,Yes,Low,High,7,—,—,October,Auto|Bus|Car,30,18,Medium,Basic,No,Cash preferred,25%,6,8,Low,6,7,No,5,मुरुदेश्वर
Yana,Karnataka,South,low,tropical,adventure,monsoon,nature,4.6,Majestic twin rock formations rising from dense forest with cave temple,700,2000,Twin Rocks|Cave Temple|Forest Trek,Low,Kannada,Local Snacks|Thali,Free,Budget Hotel,Car,Moderate,Malabar Giant Squirrel|Hornbill,No,No,Yes,Yes,Medium,Low,8,—,—,October,Auto|Bus|Car,30,18,Medium,Basic,No,Cash preferred,25%,6,8,Low,6,7,No,5,याना
Jog Falls,Karnataka,South,low,tropical,nature,monsoon,nature,4.6,Second highest waterfall in India dropping 253m in four distinct falls,700,2000,Highest Waterfall|Four Falls|Power Station,Medium,Kannada,Thali|Local Snacks|Corn,50,Budget Hotel|Guesthouse,Car|Bus,Easy,Malabar Giant Squirrel|Hornbill,No,Yes,Yes,Yes,Low,Low,8,—,—,October,Auto|Bus|Car,30,18,Medium,Basic,No,Cash preferred,25%,6,8,Low,6,7,No,5,जोग जलप्रपात
Sirsi,Karnataka,South,low,tropical,nature,monsoon,nature,4.4,Arecanut and coconut town gateway to Yana and Magod Falls,700,2000,Arecanut Plantation|Magod Falls|Gateway,Low,Kannada,Kadle Mannu|Thali|Coconut,Free,Hotel|Guesthouse,Car|Bus,Easy,Malabar Giant Squirrel|Hornbill,No,No,Yes,Yes,Low,Low,6,—,—,October,Auto|Bus|Car,30,18,Medium,Basic,No,Cash preferred,25%,6,8,Low,6,7,No,5,सिरसी
Shravanabelagola,Karnataka,South,low,hot,cultural,winter,spiritual,4.6,Giant monolithic Bahubali statue - tallest free standing statue in world,600,1800,Bahubali Statue|Jain Pilgrimage|Monolith,Medium,Kannada,Thali|South Indian Breakfast,Free,Dharmasala|Budget Hotel,Car|Bus,,Peacock,No,Yes,Yes,Yes,Low,Very High,8,—,—,October,Auto|Bus|Car,30,18,Medium,Basic,No,Cash preferred,25%,6,8,Low,6,7,No,5,श्रवणबेलगोला
Belur Halebidu,Karnataka,South,low,hot,cultural,winter,cultural,4.7,Hoysala temples with intricate star-shaped architecture and detailed carvings,700,2000,Hoysala Temples|Intricate Carvings|Architecture,Low,Kannada,Thali|Filter Coffee|South Indian Breakfast,25,Hotel|Guesthouse,Car|Bus,,—,Yes,Yes,Yes,Yes,Low,High,9,—,—,October,Auto|Bus|Car,30,18,Medium,Basic,No,Cash preferred,25%,6,8,Low,6,7,No,5,बेलूर हलेबीडु
Aihole Pattadakal,Karnataka,South,low,hot,cultural,winter,cultural,4.6,Cradle of Indian temple architecture with 125 temples from 6th century,600,1800,Ancient Temples|Architecture Cradle|Chalukyan,Low,Kannada,Jolada Roti|Enne Badnekai|Thali,20,Budget Hotel|Guesthouse,Car|Bus,,—,Yes,Yes,Yes,Yes,Low,Medium,9,—,—,October,Auto|Bus|Car,30,18,Medium,Basic,No,Cash preferred,25%,6,8,Low,6,7,No,5,ऐहोले पट्टदकल
Ankola,Karnataka,South,low,tropical,beach,winter,nature,4.4,Pristine uncrowded beaches and sea turtle nesting sites in Uttara Kannada,800,2200,Turtle Nesting|Pristine Beach|Quiet,Low,Kannada|Konkani,Seafood|Fish Curry|Neer Dosa,Free,Beach Hut|Guesthouse,Car,,Olive Ridley Turtle|Dolphin,No,Yes,Yes,Yes,Low,Low,7,—,—,October,Auto|Bus|Car,30,18,Medium,Basic,No,Cash preferred,25%,6,8,Low,6,7,No,5,अंकोला
Mulki,Karnataka,South,low,tropical,beach,winter,nature,4.4,Surfing destination with Shambhavi River confluence and mango groves,800,2200,Surfing|River Confluence|Mango Groves,Low,Kannada|Tulu,Seafood|Mangalorean Fish Curry,Free,Beach House|Surf Camp,Car|Bus,,Dolphin|Sea Turtle,No,No,Yes,Yes,Medium,Low,7,—,—,October,Auto|Bus|Car,30,18,Medium,Basic,No,Cash preferred,25%,6,8,Low,6,7,No,5,मूल्की
Udupi,Karnataka,South,low,tropical,cultural,winter,spiritual,4.5,Famous for Krishna Temple unique cuisine and synthetic fiber sarees,700,2000,Krishna Temple|Udupi Cuisine|Mattupetty,Medium,Kannada|Tulu,Udupi Thali|Idli|Dosa|Coconut Chutney,Free,Hotel|Dharamsala,Train|Car,,—,No,Yes,Yes,Yes,Low,Very High,7,—,—,October,Auto|Bus|Car,30,18,Medium,Basic,No,Cash preferred,25%,6,8,Low,6,7,No,5,उडुपी
Thekkady,Kerala,South,medium,tropical,nature,winter,nature,4.6,Periyar Wildlife Sanctuary with boat safari among elephants and birds,1800,5000,Elephant|Boat Safari|Spice Garden,High,Malayalam,Kerala Meals|Spice Tea,500,Eco Lodge|Resort|Treehouse,Car,,Elephant|Gaur|Nilgiri Langur,No,Yes,Yes,Yes,Low,Low,8,—,—,October,Auto|Bus|Car,30,18,Medium,Basic,No,Cash preferred,25%,6,8,Low,6,7,No,5,थेक्कडी
Kovalam - Lighthouse,Kerala,South,low,tropical,beach,winter,romantic,4.5,Iconic crescent beach with old lighthouse and Ayurvedic massage tradition,1000,3500,Lighthouse|Ayurveda|Crescent Beach,High,Malayalam,Seafood|Kerala Meals|Fresh Juice,Free,Beach Resort|Budget Hotel,Bus|Car,,Sea Turtle,No,Yes,Yes,Yes,Low,Low,7,—,—,October,Auto|Bus|Car,30,18,Medium,Basic,No,Cash preferred,25%,6,8,Low,6,7,No,5,कोवलम - लाइटहाउस
Veli Tourist Village,Kerala,South,low,tropical,beach,winter,nature,4.3,Unique spot where Veli Lake meets Arabian Sea creating backwater lagoon,800,2200,Lake meets Sea|Lagoon|Boating,Medium,Malayalam,Kerala Meals|Coconut Water,50,Day Trip|Budget Hotel,Car|Bus,,Migratory Birds|Kingfisher,No,Yes,Yes,Yes,Low,Low,6,—,—,October,Auto|Bus|Car,30,18,Medium,Basic,No,Cash preferred,25%,6,8,Low,6,7,No,5,वेली पर्यटन गांव
Munroe Island,Kerala,South,low,tropical,nature,winter,romantic,4.6,Small island between Ashtamudi Lake and Kallada River with canoe trails,1500,4500,Canoe Trail|Backwater Island|Coir,Low,Malayalam,Kerala Meals|Fresh Seafood|Toddy,Free,Houseboat|Homestay,Canoe|Ferry,,Otter|Kingfisher|Purple Heron,No,Yes,Yes,Yes,Low,Low,8,—,—,October,Auto|Bus|Car,30,18,Medium,Basic,No,Cash preferred,25%,6,8,Low,6,7,No,5,मुनरो द्वीप
Marari Beach,Kerala,South,low,tropical,beach,winter,romantic,4.6,Secluded fishing village beach with luxury tented camps and hammocks,1500,5000,Secluded Beach|Fishing Village|Hammocks,Low,Malayalam,Seafood|Kerala Meals|Coconut Toddy,Free,Luxury Camp|Beach Resort,Car,,Sea Turtle|Kingfisher,No,Yes,Yes,Yes,Low,Low,8,—,—,October,Auto|Bus|Car,30,18,Medium,Basic,No,Cash preferred,25%,6,8,Low,6,7,No,5,मरारी बीच
Kannur,Kerala,South,low,tropical,cultural,winter,cultural,4.5,Land of looms and lores with Theyyam ritual dance and beach forts,900,2600,Theyyam|Beach Forts|Handloom,Low,Malayalam,Puttu|Kallumakkaya|Seafood,Free,Hotel|Homestay,Train|Car,,Sea Turtle,No,Yes,Yes,Yes,Low,High,7,—,—,October,Auto|Bus|Car,30,18,Medium,Basic,No,Cash preferred,25%,6,8,Low,6,7,No,5,कण्णूर
Bekal,Kerala,South,low,tropical,beach,winter,romantic,4.6,Kerala's largest and best-preserved fort on a promontory jutting into sea,1000,3500,Bekal Fort|Beach|Backwater Resort,Low,Malayalam,Malabar Biryani|Seafood|Puttu,Free,Luxury Resort|Beach Hotel,Train|Car,,Sea Turtle|Kingfisher,No,Yes,Yes,Yes,Low,Medium,8,—,—,October,Auto|Bus|Car,30,18,Medium,Basic,No,Cash preferred,25%,6,8,Low,6,7,No,5,बेकल
Kasaragod,Kerala,South,low,tropical,cultural,winter,cultural,4.4,Gateway to Kerala with unique Yakshagana dance and Malik Deenar mosque,800,2400,Yakshagana|Malik Deenar|Culture Mix,Low,Malayalam|Kannada|Tulu,Malabar Biryani|Seafood|Appam,Free,Hotel|Guesthouse,Train|Car,,Sea Turtle,No,Yes,Yes,Yes,Low,Medium,6,—,—,October,Auto|Bus|Car,30,18,Medium,Basic,No,Cash preferred,25%,6,8,Low,6,7,No,5,कासरगोड
Kasol Kheerganga Circuit,Himachal Pradesh,North,low,mild,adventure,spring,adventure,4.7,Popular backpacker circuit from Kasol village to Kheerganga hot springs,700,2200,Hot Springs|River Trek|Parvati Valley,Low,Hindi|Pahari|Hebrew,Momos|Israeli Food|Thali,Free,Camp|Trek Hut|Guesthouse,Bus|Trek,Moderate,Himalayan Bear|Musk Deer,No,No,Yes,Yes,High,Low,8,—,—,October,Auto|Bus|Car,30,18,Medium,Basic,No,Cash preferred,25%,6,8,Low,6,7,No,5,कसोल खीर गंगा सर्किट
Triund,Himachal Pradesh,North,low,mild,adventure,spring,adventure,4.7,Perfect introductory Himalayan trek with stunning Dhauladhar views,800,2400,Easy Trek|Dhauladhar|Camping,Low,Hindi|Tibetan,Momos|Maggi|Thukpa,Free,Camp|Trek Hut,Trek Only,Easy,Himalayan Monal|Snow Pigeon,No,No,Yes,Yes,High,Low,9,—,—,October,Auto|Bus|Car,30,18,Medium,Basic,No,Cash preferred,25%,6,8,Low,6,7,No,5,त्रिउंड
Pabbar Valley,Himachal Pradesh,North,low,cold,nature,spring,nature,4.5,Apple orchards and trout streams in a remote Himalayan valley,900,2500,Apple Orchards|Trout Fishing|Remote,Low,Hindi|Pahari,Trout|Siddu|Local Food,Free,Guesthouse|Homestay,Car,Easy,Himalayan Bear|Musk Deer,No,No,Yes,Yes,Low,Low,8,—,—,October,Auto|Bus|Car,30,18,Medium,Basic,No,Cash preferred,25%,6,8,Low,6,7,No,5,पब्बर घाटी
Sarchu,Himachal Pradesh,North,low,cold,adventure,summer,adventure,4.7,High altitude transit camp between Manali and Leh at 4290m,2000,5000,High Altitude Camp|Baralacha Pass|Milky Way,Low,Hindi,Camp Food|Thali|Chai,Free,Camp Only,Car|Bike,,Tibetan Wolf|Tibetan Fox,No,No,Yes,Yes,Medium,Low,9,—,—,October,Auto|Bus|Car,30,18,Medium,Basic,No,Cash preferred,25%,6,8,Low,6,7,No,5,सरचू
Batal,Himachal Pradesh,North,low,cold,adventure,summer,adventure,4.6,Remotest dhaba in India at the crossroads of Spiti and Lahaul,1500,4000,Remotest Dhaba|Crossroads|Adventure,Low,Hindi|Spitian,Thali|Chai|Maggi,Free,Camp Only,Car|Bike,,Snow Leopard|Ibex,No,No,Yes,Yes,Very High,Low,9,—,—,October,Auto|Bus|Car,30,18,Medium,Basic,No,Cash preferred,25%,6,8,Low,6,7,No,5,बाताल
Pin Valley,Himachal Pradesh,North,medium,cold,adventure,summer,adventure,4.8,Cold desert national park at 3500m with Snow Leopard and rare herbs,1500,4000,Snow Leopard|Cold Desert|Remote,Low,Spitian|Hindi,Thukpa|Local Thali|Butter Tea,Free,Homestay|Camp,Car,Moderate,Snow Leopard|Siberian Ibex|Tibetan Wolf,No,No,Yes,Yes,High,Low,10,—,—,October,Auto|Bus|Car,30,18,Medium,Basic,No,Cash preferred,25%,6,8,Low,6,7,No,5,पिन घाटी
Kinnaur,Himachal Pradesh,North,medium,cold,cultural,summer,adventure,4.7,Apple orchards carved monasteries and the hanging village of Sangla Valley,1500,4500,Apple|Kinnauri Shawls|Hanging Village,Low,Kinnauri|Hindi,Siddu|Faanu|Local Food,Free,Guesthouse|Homestay,Car,Moderate,Snow Leopard|Himalayan Ibex,No,No,Yes,Yes,Medium,High,9,—,—,October,Auto|Bus|Car,30,18,Medium,Basic,No,Cash preferred,25%,6,8,Low,6,7,No,5,किन्नौर
Sangla,Himachal Pradesh,North,low,cold,nature,summer,nature,4.7,Baspa Valley with hanging village Chitkul and last inhabited Indian village,1200,3500,Hanging Village|Baspa River|Last Village,Low,Kinnauri|Hindi,Siddu|Faanu|Local Food,Free,Guesthouse|Homestay,Car,Easy,Snow Leopard|Himalayan Thar,No,No,Yes,Yes,Medium,Low,9,—,—,October,Auto|Bus|Car,30,18,Medium,Basic,No,Cash preferred,25%,6,8,Low,6,7,No,5,सांगला
Chitkul,Himachal Pradesh,North,low,cold,adventure,summer,adventure,4.8,Last inhabited village before Tibet border at 3450m with stunning valley,1200,3500,Last Village|Tibetan Border|Pristine,Low,Kinnauri|Hindi,Thali|Maggi|Local Food,Free,Guesthouse Only,Car,Easy,Snow Leopard|Himalayan Bear,No,No,Yes,Yes,Medium,Low,10,—,—,October,Auto|Bus|Car,30,18,Medium,Basic,No,Cash preferred,25%,6,8,Low,6,7,No,5,छितकुल
Malana,Himachal Pradesh,North,low,cold,cultural,summer,cultural,4.5,Ancient democracy claiming to be oldest in world with strict customs,800,2500,Ancient Democracy|Unique Customs|Cannabis,Low,Kanashi|Hindi,Local Food|Thali,Free,Guesthouse,Trek Only,Moderate,Himalayan Bear|Musk Deer,No,No,Yes,Yes,Low,Medium,8,—,—,October,Auto|Bus|Car,30,18,Medium,Basic,No,Cash preferred,25%,6,8,Low,6,7,No,5,मलाना
Barot Valley,Himachal Pradesh,North,low,mild,nature,spring,nature,4.6,Hidden valley with rainbow trout fishing and dense forests near Mandi,800,2400,Trout Fishing|Hidden Valley|Forest,Low,Hindi|Mandi,Trout Fish|Local Thali|Siddu,Free,Guesthouse|Camp,Car,Easy,Brown Bear|Barking Deer,No,No,Yes,Yes,Low,Low,8,—,—,October,Auto|Bus|Car,30,18,Medium,Basic,No,Cash preferred,25%,6,8,Low,6,7,No,5,बारोट घाटी
Rann Utsav Camp,Gujarat,West,high,hot,cultural,winter,nature,4.8,Luxury tent city on the edge of white salt desert during Rann Utsav festival,4000,12000,White Desert|Full Moon|Handicrafts Fair,High,Gujarati|Kutchi,Dabeli|Fafda|Gujarati Thali,Free,Luxury Tent City,Car|Flight,,Wild Ass|Flamingo,No,Yes,Yes,Yes,Low,Low,10,—,—,October,Auto|Bus|Car,30,18,Medium,Basic,No,Cash preferred,25%,6,8,Low,6,7,No,5,रण उत्सव कैंप
Sangla Valley,Himachal Pradesh,North,low,cold,adventure,summer,nature,4.7,Apple orchards in dramatic Kinnaur valley,1200,3500,Apple Orchards|Kinnaur|Raksham Village,Low,Kinnauri|Hindi,Chha Gosht|Sidu|Chilra,Free,Homestay|Guesthouse,Car,Easy,Snow Leopard|Himalayan Brown Bear,No,Yes,Yes,Yes,Medium,Low,9,Shimla,Shimla,June,Car,20,0,Medium,Basic,No,Cash only,40%,9,9,Low,3,7,No,4,सांगला घाटी
Chadar Trek,Ladakh,North,medium,cold,adventure,winter,adventure,4.9,Frozen river trek through dramatic Zanskar gorge,3000,8000,Frozen River|Zanskar|Extreme Trek,Low,Ladakhi|Hindi,Thukpa|Butter Tea|Tsampa,5000,Camp,Trek Only,Extreme,Snow Leopard,No,No,No,Yes,Extreme,Low,10,Leh,—,January,Trek,0,minus30,Medium,Basic,No,Cash only,—,10,10,Low,1,3,No,2,चादर ट्रेक
Dooars,West Bengal,East,low,tropical,nature,winter,nature,4.5,Gateway to Bhutan with tea gardens and wildlife,800,2500,Tea Gardens|Wildlife|Bhutan Border,Low,Bengali|Nepali,Momos|Maacher Jhol|Luchi,500,Eco Lodge|Resort,Train|Car,Easy,Elephant|Rhino|Leopard,No,No,Yes,Yes,Low,,8,Bagdogra,New Jalpaiguri,November,Car|Jeep,28,10,Low,Basic,No,Cash preferred,35%,7,8,Low,5,8,No,5,डुआर्स
Mirik,West Bengal,East,low,mild,nature,spring,nature,4.4,Serene hill town with Sumendu Lake and orange orchards,700,2000,Sumendu Lake|Orange Orchards|Peace,Low,Nepali|Bengali,Momos|Darjeeling Tea|Thukpa,Free,Hotel|Homestay,Car|Bus,Easy,—,No,Yes,Yes,Yes,Low,,7,Bagdogra,New Jalpaiguri,March,Car|Taxi,20,5,Medium,Basic,No,Cash preferred,35%,7,7,Low,5,8,No,6,मिरिक
Munger,Bihar,East,low,mild,cultural,winter,spiritual,4.2,Yoga capital with ancient fort and Ganga ghats,400,1200,Yoga|Ancient Fort|Ganga,Low,Hindi|Bhojpuri,Litti Chokha|Sattu|Thekua,Free,Ashram|Guesthouse,Train|Bus,Easy,—,No,No,Yes,Yes,Low,High,7,Patna,Munger,November,Auto|Rickshaw,36,14,Low,Basic,No,Cash only,45%,7,7,Low,5,6,No,5,मुंगेर
Bidar,Karnataka,South,low,hot,cultural,winter,cultural,4.3,Medieval Bahmani Sultanate capital with stunning architecture,500,1500,Bidar Fort|Bidriware|Bahmani Tombs,Low,Kannada|Urdu,Biryani|Haleem|Khichdi,Free,Hotel|Guesthouse,Bus|Car,Easy,—,No,No,Yes,Yes,Low,,7,Hyderabad,Bidar,November,Auto|Bus,36,16,Low,Basic,No,Cash preferred,45%,8,7,Low,6,6,No,5,बीदर
Hamta Pass Trek,Himachal Pradesh,North,low,cold,adventure,summer,adventure,4.8,High altitude trek from Kullu to Spiti via Hamta Pass,1500,4000,Trek|Snow|Dramatic Landscape,Low,Hindi|Himachali,Dal Rice|Thukpa|Packed Meals,1000,Camp,Trek,Hard,Snow Leopard|Himalayan Bird,No,No,No,Yes,Very High,,9,Kullu,Shimla,June,Car then Trek,25,minus5,Medium,Basic,No,Cash only,—,8,9,Low,2,5,No,3,हम्टा पास ट्रेक
Valley of Flowers,Uttarakhand,North,low,cold,nature,summer,nature,4.9,UNESCO World Heritage blooming alpine meadow,1000,3000,Alpine Flowers|Trek|Hemkund Sahib,Medium,Hindi,Packed Meals|Dal Rice,200,Camp|Guesthouse,Trek,Moderate,Snow Leopard|Himalayan Bird,Yes,Yes,No,Yes,High,Medium,10,Dehradun,Haridwar,August,Bus then Trek,18,minus5,Medium,Basic,No,Cash only,—,9,10,Low,2,6,No,3,फूलों की घाटी
Chopta Tungnath,Uttarakhand,North,low,cold,adventure,summer,nature,4.7,Highest Shiva temple with Chandrashila peak views,700,2000,Tungnath Temple|Chandrashila Peak|Bugyal,Low,Hindi,Dal Rice|Maggi|Chai,Free,Camp|Guesthouse,Car then Trek,Easy,Musk Deer|Himalayan Bird,No,Yes,No,Yes,Medium,High,10,Dehradun,Haridwar,May,Car|Trek,18,minus5,Low,Basic,No,Cash only,40%,9,10,Low,2,6,No,4,चोपता तुंगनाथ
Almora,Uttarakhand,North,low,mild,cultural,spring,nature,4.4,Ancient Kumaoni town with panoramic Himalayan views,700,2000,Kumaoni Culture|Himalayan View|Chitai Temple,Low,Hindi|Kumaoni,Bal Mithai|Singodi|Kafuli,Free,Hotel|Guesthouse,Car|Bus,Easy,Leopard|Himalayan Bird,No,No,Yes,Yes,Low,Medium,8,Pantnagar,Kathgodam,April,Car|Bus,22,5,Low,Good,No,Cash preferred,30%,6,8,Low,6,7,No,6,अल्मोड़ा
Chikhalda,Maharashtra,West,low,mild,nature,summer,nature,4.3,Vidarbha's hill station inside Melghat Tiger Reserve,700,2000,Tiger Reserve|Tribal Culture|Waterfalls,Low,Marathi|Korku,Vada Pav|Zunka Bhakar|Sol Kadhi,Free,Eco Lodge|Guesthouse,Car,Easy,Tiger|Gaur|Leopard,No,No,Yes,Yes,Low,,7,Nagpur,Amravati,May,Car,30,15,Medium,Basic,No,Cash only,45%,8,7,Low,3,6,No,4,चिखलदा
Pench,Madhya Pradesh,Central,medium,hot,nature,winter,nature,4.6,Mowgli's land with highest tiger population,2000,6000,Tiger|Jungle Book|Wild Dog,Low,Hindi,Poha|Jalebi|Dal Bafla,2000,Jungle Lodge,Car,Easy,Tiger|Wild Dog|Leopard,No,No,Yes,Yes,Low,,8,Nagpur,Nagpur,November,Car,38,14,Low,Basic,No,Cash preferred,30%,7,8,Low,4,7,No,4,पेंच
Jim Corbett,Uttarakhand,North,medium,mild,nature,winter,nature,4.7,India's oldest national park and tiger reserve,2500,7000,Tiger|Elephant|Jim Corbett Legacy,High,Hindi|English,Dal Rice|Aloo Ke Gutke|Kafuli,2000,Jungle Lodge|Resort,Car,Easy,Tiger|Elephant|Leopard,No,No,Yes,Yes,Low,,8,Delhi,Ramnagar,November,Car|Jeep,28,10,Medium,Good,No,Card accepted,20%,5,8,Low,5,8,No,5,जिम कॉर्बेट
Satpura,Madhya Pradesh,Central,medium,mild,nature,winter,nature,4.6,Walk safaris in India's most biodiverse landscape,2000,6000,Walk Safari|Leopard|Tiger,Low,Hindi,Poha|Dal Bafla|Jalebi,2000,Jungle Lodge|Camp,Car,Easy,Tiger|Leopard|Gaur,No,No,Yes,Yes,Low,,8,Bhopal,Pipariya,November,Car,34,12,Low,Basic,No,Cash preferred,30%,8,8,Low,4,7,No,4,सतपुड़ा
Periyar,Kerala,South,medium,tropical,nature,winter,nature,4.6,Spice plantations with elephant lake safari,1500,5000,Elephant Safari|Spice Garden|Tiger,Medium,Malayalam|Tamil,Kerala Sadya|Fish Curry|Appam,300,Eco Lodge|Resort,Car|Bus,Easy,Elephant|Tiger|Leopard,No,Yes,Yes,Yes,Low,,8,Cochin,Ernakulam,November,Car|Boat,28,18,Medium,Good,No,Card accepted,25%,6,8,Low,6,8,No,6,पेरियार
Valparai,Tamil Nadu,South,low,mild,nature,winter,nature,4.5,Tamil Nadu's hidden gem with tea estates and gaur,800,2500,Tea Estates|Gaur|Shola Forest,Low,Tamil,Filter Coffee|Parotta|Chicken Chettinad,Free,Hotel|Eco Lodge,Car,Easy,Gaur|Leopard|Nilgiri Tahr,No,Yes,Yes,Yes,Low,,8,Coimbatore,Pollachi,November,Car,22,15,Low,Basic,No,Cash preferred,40%,9,9,Low,4,7,No,5,वालपाराई
Yelagiri,Tamil Nadu,South,low,mild,nature,summer,nature,4.3,Peaceful Tamil Nadu hill station with boating and trekking,600,1800,Boating|Trekking|Peace,Low,Tamil,Filter Coffee|Pongal|Dosa,Free,Hotel|Resort,Car|Bus,Easy,—,No,Yes,Yes,Yes,Low,,7,Vellore,Jolarpettai,May,Car|Bus,25,15,Medium,Basic,No,Cash preferred,35%,7,7,Low,5,8,No,6,येलागिरी
Pattadakal,Karnataka,South,low,hot,cultural,winter,cultural,4.6,UNESCO World Heritage Chalukya temples,400,1200,UNESCO|Chalukya Temples|History,Low,Kannada,Jolada Roti|Spicy Mutton|Filter Coffee,25,Hotel|Guesthouse,Car|Bus,Easy,—,Yes,No,Yes,Yes,Low,,8,Hubli,Badami,November,Car|Bus,36,16,Low,Basic,No,Cash preferred,40%,8,8,Low,4,7,No,5,पट्टदकल
